timestamp,sumOpenInterest,sumOpenInterestValue,topacclongShortRatio,toplongAccount,topshortAccount,topposlongShortRatio,longPosition,shortPosition,globallongShortRatio,globallongAccount,globalshortAccount,basisRate,futuresPrice,basis
1715286900000,1939379.00000000,14238011.65045649,3.0967,0.7559,0.2441,1.1727,0.5397,0.4603,3.0634,0.7539,0.2461,0.0004,7.34700,0.00274110
1715287200000,1937557.00000000,14242042.17936640,3.1017,0.7562,0.2438,1.1692,0.5390,0.4610,3.0700,0.7543,0.2457,-0.0006,7.35000,-0.00415962
1715287500000,1937800.00000000,14243952.08309000,3.1135,0.7569,0.2431,1.1687,0.5389,0.4611,3.0800,0.7549,0.2451,-0.0008,7.35000,-0.00554852
1715287800000,1935770.00000000,14233813.59850000,3.1135,0.7569,0.2431,1.1693,0.5390,0.4610,3.0750,0.7546,0.2454,-0.0013,7.34600,-0.00924260
1715288100000,1934949.00000000,14214135.35400000,3.1135,0.7569,0.2431,1.1697,0.5391,0.4609,3.0717,0.7544,0.2456,0.0000,7.35000,0.00018575
1715288400000,1935300.00000000,14229726.89267100,3.1477,0.7589,0.2411,1.1687,0.5389,0.4611,3.1408,0.7585,0.2415,0.0042,7.38700,0.03070563
1715288700000,1934614.00000000,14291210.60430624,3.1254,0.7576,0.2424,1.1688,0.5389,0.4611,3.1237,0.7575,0.2425,0.0018,7.40300,0.01343468
1715289000000,1934098.00000000,14318127.49400000,3.0933,0.7557,0.2443,1.1672,0.5386,0.4614,3.0950,0.7558,0.2442,-0.0045,7.37300,-0.03355540
1715289300000,1933932.00000000,14267647.59456036,3.1102,0.7567,0.2433,1.1680,0.5387,0.4613,3.0917,0.7556,0.2444,-0.0025,7.36600,-0.01846641
1715289600000,1934572.00000000,14251991.92400000,3.1374,0.7583,0.2417,1.1673,0.5386,0.4614,3.1169,0.7571,0.2429,-0.0007,7.36400,-0.00537060
1715289900000,1934827.00000000,14248066.02800000,3.1339,0.7581,0.2419,1.1661,0.5383,0.4617,3.1254,0.7576,0.2424,-0.0013,7.36000,-0.00960016
1715290200000,1934531.00000000,14240082.69100000,3.1356,0.7582,0.2418,1.1667,0.5385,0.4615,3.1118,0.7568,0.2432,-0.0015,7.35600,-0.01141841
1715290500000,1933424.00000000,14225757.33501296,3.1305,0.7579,0.2421,1.1672,0.5386,0.4614,3.1017,0.7562,0.2438,-0.0014,7.35300,-0.01001699
1715290800000,1933055.00000000,14215528.15279550,3.1288,0.7578,0.2422,1.1669,0.5385,0.4615,3.0984,0.7560,0.2440,0.0005,7.36100,0.00354483
1715291100000,1933278.00000000,14230859.35800000,3.1322,0.7580,0.2420,1.1666,0.5384,0.4616,3.1102,0.7567,0.2433,0.0001,7.36200,0.00069550
1715291400000,1933517.00000000,14228751.60300000,3.1374,0.7583,0.2417,1.1661,0.5383,0.4617,3.1152,0.7570,0.2430,0.0021,7.37700,0.01517766
1715291700000,1933488.00000000,14263340.97600000,3.1477,0.7589,0.2411,1.1651,0.5381,0.4619,3.1118,0.7568,0.2432,-0.0017,7.36900,-0.01236626
1715292000000,1931889.00000000,14243558.08635063,3.1339,0.7581,0.2419,1.1664,0.5384,0.4616,3.0967,0.7559,0.2441,0.0000,7.37800,0.00026568
1715292300000,1935154.00000000,14279501.36600000,3.1425,0.7586,0.2414,1.1645,0.5380,0.4620,3.1152,0.7570,0.2430,-0.0011,7.37600,-0.00780393
1715292600000,1934138.00000000,14268136.02600000,3.1339,0.7581,0.2419,1.1647,0.5380,0.4620,3.0933,0.7557,0.2443,0.0009,7.38700,0.00657412
1715292900000,1934857.00000000,14293150.03224189,3.1563,0.7594,0.2406,1.1642,0.5379,0.4621,3.1085,0.7566,0.2434,0.0002,7.39500,0.00113526
1715293200000,1935798.00000000,14316873.78703578,3.1322,0.7580,0.2420,1.1649,0.5381,0.4619,3.0617,0.7538,0.2462,-0.0017,7.38900,-0.01259444
1715293500000,1935810.00000000,14304936.84029280,3.1288,0.7578,0.2422,1.1639,0.5379,0.4621,3.0584,0.7536,0.2464,0.0003,7.39900,0.00204579
1715293800000,1935033.00000000,14320258.02183969,3.1102,0.7567,0.2433,1.1633,0.5377,0.4623,3.0601,0.7537,0.2463,-0.0008,7.40100,-0.00566442
1715294100000,1935279.00000000,14321071.87664904,3.1186,0.7572,0.2428,1.1639,0.5379,0.4621,3.0617,0.7538,0.2462,0.0022,7.42100,0.01655483
1715294400000,1935977.00000000,14368821.29400000,3.1271,0.7577,0.2423,1.1630,0.5377,0.4623,3.0783,0.7548,0.2452,0.0011,7.43300,0.00815412
1715294700000,1935905.00000000,14389878.17461930,3.1271,0.7577,0.2423,1.1628,0.5376,0.4624,3.0816,0.7550,0.2450,0.0031,7.46100,0.02306183
1715295000000,1936406.00000000,14450740.20024586,3.0933,0.7557,0.2443,1.1617,0.5374,0.4626,3.0733,0.7545,0.2455,0.0008,7.47000,0.00601512
1715295300000,1934168.00000000,14448234.96000000,3.1237,0.7575,0.2425,1.1628,0.5376,0.4624,3.1000,0.7561,0.2439,-0.0019,7.45900,-0.01389533
1715295600000,1933289.00000000,14420402.65100000,3.1322,0.7580,0.2420,1.1637,0.5378,0.4622,3.1477,0.7589,0.2411,0.0002,7.46700,0.00174151
1715295900000,1935559.00000000,14452819.05300000,3.1118,0.7568,0.2432,1.1645,0.5380,0.4620,3.1085,0.7566,0.2434,-0.0023,7.45700,-0.01692067
1715296200000,1936879.00000000,14444365.69159325,3.1034,0.7563,0.2437,1.1645,0.5380,0.4620,3.0984,0.7560,0.2440,-0.0011,7.45800,-0.00807321
1715296500000,1935617.00000000,14435831.58600000,3.0933,0.7557,0.2443,1.1655,0.5382,0.4618,3.0650,0.7540,0.2460,-0.0020,7.45000,-0.01482320
1715296800000,1931820.00000000,14392059.00000000,3.0950,0.7558,0.2442,1.1657,0.5383,0.4617,3.0617,0.7538,0.2462,-0.0024,7.44000,-0.01786507
1715297100000,1931054.00000000,14368840.44024830,3.0950,0.7558,0.2442,1.1665,0.5384,0.4616,3.0519,0.7532,0.2468,-0.0007,7.44400,-0.00522024
1715297400000,1929753.00000000,14369749.26942429,3.1000,0.7561,0.2439,1.1677,0.5387,0.4613,3.0650,0.7540,0.2460,-0.0020,7.44200,-0.01472633
1715297700000,1930697.00000000,14371652.36014072,3.1051,0.7564,0.2436,1.1691,0.5390,0.4610,3.0766,0.7547,0.2453,-0.0021,7.43400,-0.01591702
1715298000000,1932159.00000000,14361737.84700000,3.1051,0.7564,0.2436,1.1685,0.5389,0.4611,3.0800,0.7549,0.2451,-0.0005,7.43400,-0.00351055
1715298300000,1932702.00000000,14367706.66800000,3.0984,0.7560,0.2440,1.1687,0.5389,0.4611,3.0650,0.7540,0.2460,0.0024,7.45500,0.01800061
1715298600000,1934362.00000000,14422634.46669526,3.0667,0.7541,0.2459,1.1682,0.5388,0.4612,3.0355,0.7522,0.2478,-0.0009,7.45300,-0.00652231
1715298900000,1931687.00000000,14397844.02507425,3.1068,0.7565,0.2435,1.1653,0.5382,0.4618,3.0404,0.7525,0.2475,-0.0008,7.45500,-0.00614815
1715299200000,1932248.00000000,14405013.33597184,3.1017,0.7562,0.2438,1.1656,0.5382,0.4618,3.0193,0.7512,0.2488,-0.0035,7.43500,-0.02646769
1715299500000,1936576.00000000,14401872.39102208,3.1356,0.7582,0.2418,1.1669,0.5385,0.4615,3.1135,0.7569,0.2431,0.0026,7.46200,0.01956715
1715299800000,1937679.00000000,14466439.03446297,3.1118,0.7568,0.2432,1.1657,0.5383,0.4617,3.0816,0.7550,0.2450,-0.0018,7.45700,-0.01376876
1715300100000,1940560.00000000,14471061.36414400,3.1152,0.7570,0.2430,1.1665,0.5384,0.4616,3.0667,0.7541,0.2459,-0.0004,7.46000,-0.00284376
1715300400000,1941571.00000000,14486462.18482721,3.1068,0.7565,0.2435,1.1663,0.5384,0.4616,3.0519,0.7532,0.2468,-0.0017,7.45500,-0.01232864
1715300700000,1941629.00000000,14474844.19500000,3.1135,0.7569,0.2431,1.1669,0.5385,0.4615,3.0519,0.7532,0.2468,-0.0016,7.45100,-0.01210867
1715301000000,1940952.00000000,14462033.35200000,3.1203,0.7573,0.2427,1.1672,0.5386,0.4614,3.0502,0.7531,0.2469,-0.0011,7.45000,-0.00787940
1715301300000,1939192.00000000,14449938.71496368,3.1271,0.7577,0.2423,1.1660,0.5383,0.4617,3.0766,0.7547,0.2453,0.0007,7.46300,0.00527200
1715301600000,1940971.00000000,14492284.00072098,3.1169,0.7571,0.2429,1.1665,0.5384,0.4616,3.0404,0.7525,0.2475,-0.0009,7.46500,-0.00680962
1715301900000,1940945.00000000,14491095.37000000,3.1186,0.7572,0.2428,1.1671,0.5386,0.4614,3.0469,0.7529,0.2471,-0.0041,7.43900,-0.03082165
1715302200000,1942597.00000000,14454325.08977668,3.1391,0.7584,0.2416,1.1691,0.5390,0.4610,3.0650,0.7540,0.2460,0.0000,7.44900,-0.00020030
1715302500000,1942865.00000000,14471065.70416980,3.1528,0.7592,0.2408,1.1682,0.5388,0.4612,3.0667,0.7541,0.2459,-0.0011,7.44400,-0.00841031
1715302800000,1943331.00000000,14468102.19056319,3.1425,0.7586,0.2414,1.1681,0.5388,0.4612,3.0683,0.7542,0.2458,0.0005,7.45500,0.00375462
1715303100000,1942043.00000000,14475988.52200000,3.1186,0.7572,0.2428,1.1671,0.5385,0.4615,3.0601,0.7537,0.2463,-0.0027,7.43600,-0.01982871
1715303400000,1943347.00000000,14452671.63900000,3.1135,0.7569,0.2431,1.1684,0.5388,0.4612,3.0634,0.7539,0.2461,-0.0012,7.43200,-0.00860080
1715303700000,1940755.00000000,14425631.91500000,3.1494,0.7590,0.2410,1.1671,0.5386,0.4614,3.0783,0.7548,0.2452,0.0024,7.45300,0.01801392
1715304000000,1945630.00000000,14501499.31974130,3.1203,0.7573,0.2427,1.1659,0.5383,0.4617,3.0258,0.7516,0.2484,0.0002,7.45800,0.00138256
1715304300000,1945673.00000000,14514416.76316105,3.1169,0.7571,0.2429,1.1672,0.5386,0.4614,3.0241,0.7515,0.2485,0.0006,7.46900,0.00476674
1715304600000,1944850.00000000,14526325.30573900,3.1118,0.7568,0.2432,1.1657,0.5383,0.4617,3.0355,0.7522,0.2478,0.0007,7.47900,0.00558081
1715304900000,1945852.00000000,14554123.80964572,3.1545,0.7593,0.2407,1.1649,0.5381,0.4619,3.0883,0.7554,0.2446,0.0002,7.48300,0.00158870
1715305200000,1952595.00000000,14611268.38500000,3.1580,0.7595,0.2405,1.1651,0.5381,0.4619,3.0700,0.7543,0.2457,-0.0024,7.46700,-0.01825207
1715305500000,1953070.00000000,14590978.16898400,3.1841,0.7610,0.2390,1.1663,0.5384,0.4616,3.0800,0.7549,0.2451,-0.0018,7.46300,-0.01349698
1715305800000,1953072.00000000,14575776.33600000,3.1771,0.7606,0.2394,1.1661,0.5383,0.4617,3.0717,0.7544,0.2456,-0.0005,7.46300,-0.00363010
1715306100000,1951892.00000000,14570345.18812748,3.1754,0.7605,0.2395,1.1657,0.5383,0.4617,3.0833,0.7551,0.2449,-0.0009,7.46200,-0.00641405
1715306400000,1950635.00000000,14557589.00500000,3.2212,0.7631,0.2369,1.1824,0.5418,0.4582,3.0933,0.7557,0.2443,-0.0017,7.45600,-0.01234002
1715306700000,1951782.00000000,14557840.01774088,3.1719,0.7603,0.2397,1.1815,0.5416,0.4584,3.1135,0.7569,0.2431,-0.0017,7.45000,-0.01304578
1715307000000,1959012.00000000,14599782.59010480,3.2248,0.7633,0.2367,1.1831,0.5419,0.4581,3.1034,0.7563,0.2437,-0.0019,7.44400,-0.01412927
1715307300000,1959577.00000000,14591191.34812749,3.1719,0.7603,0.2397,1.1833,0.5420,0.4580,3.0933,0.7557,0.2443,0.0011,7.45700,0.00835720
1715307600000,1963239.00000000,14647625.83785471,3.1528,0.7592,0.2408,1.1826,0.5418,0.4582,3.0650,0.7540,0.2460,0.0000,7.46300,-0.00023728
1715307900000,1963350.00000000,14658277.35003750,3.1859,0.7611,0.2389,1.1816,0.5416,0.4584,3.0667,0.7541,0.2459,-0.0009,7.46100,-0.00635640
1715308200000,1963327.00000000,14648402.87110175,3.2034,0.7621,0.2379,1.1815,0.5416,0.4584,3.0900,0.7555,0.2445,0.0001,7.46400,0.00098032
1715308500000,1962252.00000000,14646911.32540764,3.2105,0.7625,0.2375,1.1808,0.5414,0.4586,3.0883,0.7554,0.2446,-0.0021,7.45200,-0.01572587
1715308800000,1961640.00000000,14621138.45013960,3.2194,0.7630,0.2370,1.1834,0.5420,0.4580,3.0883,0.7554,0.2446,0.0002,7.46000,0.00120112
1715309100000,1960833.00000000,14628029.12651346,3.2070,0.7623,0.2377,1.1829,0.5419,0.4581,3.0683,0.7542,0.2458,-0.0023,7.44700,-0.01720004
1715309400000,1961833.00000000,14613330.60705508,3.2017,0.7620,0.2380,1.1835,0.5420,0.4580,3.0683,0.7542,0.2458,-0.0011,7.44700,-0.00809133
1715309700000,1961279.00000000,14605644.71300000,3.1999,0.7619,0.2381,1.1834,0.5420,0.4580,3.0700,0.7543,0.2457,0.0008,7.45300,0.00602971
1715310000000,1962130.00000000,14625328.91068600,3.2052,0.7622,0.2378,1.1834,0.5420,0.4580,3.0717,0.7544,0.2456,-0.0025,7.43700,-0.01852600
1715310300000,1964372.00000000,14609034.56400000,3.2194,0.7630,0.2370,1.1840,0.5421,0.4579,3.1034,0.7563,0.2437,0.0015,7.45400,0.01095553
1715310600000,1964861.00000000,14646073.89400000,3.1894,0.7613,0.2387,1.1825,0.5418,0.4582,3.0766,0.7547,0.2453,-0.0016,7.44200,-0.01206856
1715310900000,1967031.00000000,14638564.99790388,3.1859,0.7611,0.2389,1.1839,0.5421,0.4579,3.0717,0.7544,0.2456,0.0005,7.45200,0.00348385
1715311200000,1966235.00000000,14652687.31790510,3.1771,0.7606,0.2394,1.1820,0.5417,0.4583,3.0584,0.7536,0.2464,-0.0001,7.45700,-0.00047345
1715311500000,1970216.00000000,14691925.71404104,3.1494,0.7590,0.2410,1.1845,0.5422,0.4578,3.0437,0.7527,0.2473,-0.0010,7.45500,-0.00724588
1715311800000,1970079.00000000,14686938.94500000,3.1563,0.7594,0.2406,1.1845,0.5422,0.4578,3.0388,0.7524,0.2476,-0.0020,7.44500,-0.01472034
1715312100000,1971664.00000000,14677066.81600000,3.1580,0.7595,0.2405,1.1838,0.5421,0.4579,3.0486,0.7530,0.2470,0.0001,7.44700,0.00049680
1715312400000,1973626.00000000,14699566.44800000,3.1667,0.7600,0.2400,1.1827,0.5419,0.4581,3.0783,0.7548,0.2452,-0.0017,7.43900,-0.01232032
1715312700000,1973936.00000000,14689761.08537440,3.1615,0.7597,0.2403,1.1831,0.5419,0.4581,3.0584,0.7536,0.2464,-0.0004,7.44200,-0.00273197
1715313000000,1975250.00000000,14699810.50000000,3.1580,0.7595,0.2405,1.1821,0.5417,0.4583,3.0388,0.7524,0.2476,0.0012,7.45200,0.00930286
1715313300000,1976399.00000000,14730776.78607845,3.1632,0.7598,0.2402,1.1817,0.5416,0.4584,3.0355,0.7522,0.2478,-0.0005,7.45100,-0.00363637
1715313600000,1976524.00000000,14725103.80000000,3.1684,0.7601,0.2399,1.1828,0.5419,0.4581,3.0437,0.7527,0.2473,0.0005,7.45800,0.00348996
1715313900000,1976698.00000000,14745505.41987846,3.1876,0.7612,0.2388,1.1834,0.5420,0.4580,3.0601,0.7537,0.2463,-0.0016,7.45300,-0.01187602
1715314200000,1980919.00000000,14765119.21677984,3.1806,0.7608,0.2392,1.1861,0.5426,0.4574,3.0535,0.7533,0.2467,0.0010,7.46600,0.00738357
1715314500000,1983789.00000000,14815561.04634555,3.1806,0.7608,0.2392,1.1849,0.5423,0.4577,3.0766,0.7547,0.2453,0.0000,7.47200,0.00012024
1715314800000,1985481.00000000,14837774.12487711,3.1649,0.7599,0.2401,1.1864,0.5426,0.4574,3.0650,0.7540,0.2460,0.0006,7.48300,0.00470798
1715315100000,1985416.00000000,14856867.92800000,3.1597,0.7596,0.2404,1.1865,0.5426,0.4574,3.0568,0.7535,0.2465,0.0000,7.48700,0.00036863
1715315400000,1984638.00000000,14860969.34400000,3.1494,0.7590,0.2410,1.1866,0.5427,0.4573,3.0420,0.7526,0.2474,0.0002,7.49400,0.00182618
1715315700000,1995201.00000000,14954031.49500000,3.1034,0.7563,0.2437,1.1878,0.5429,0.4571,2.9793,0.7487,0.2513,0.0003,7.50200,0.00252931
1715316000000,1995012.00000000,14967549.83923344,3.1135,0.7569,0.2431,1.1885,0.5431,0.4569,2.9936,0.7496,0.2504,-0.0037,7.48200,-0.02744663
1715316300000,1995954.00000000,14937179.37137358,3.0967,0.7559,0.2441,1.1914,0.5437,0.4563,2.9620,0.7476,0.2524,-0.0009,7.48600,-0.00705213
1715316600000,1996711.00000000,14949074.41255363,3.0933,0.7557,0.2443,1.1934,0.5441,0.4559,2.9777,0.7486,0.2514,0.0000,7.49400,0.00013419
1715316900000,1995722.00000000,14957304.78390144,3.1118,0.7568,0.2432,1.1946,0.5443,0.4557,2.9857,0.7491,0.2509,-0.0008,7.49400,-0.00593043
1715317200000,1995542.00000000,14956587.29000000,3.0984,0.7560,0.2440,1.1947,0.5444,0.4556,2.9635,0.7477,0.2523,0.0028,7.52100,0.02130344
1715317500000,1995183.00000000,15009416.54234100,3.1152,0.7570,0.2430,1.1964,0.5447,0.4553,2.9746,0.7484,0.2516,-0.0004,7.52300,-0.00322101
1715317800000,1998782.00000000,15037970.09551580,3.1017,0.7562,0.2438,1.1990,0.5453,0.4547,2.9746,0.7484,0.2516,-0.0059,7.48400,-0.04467816
1715318100000,1999099.00000000,14961895.28828367,3.1102,0.7567,0.2433,1.2017,0.5458,0.4542,2.9494,0.7468,0.2532,-0.0004,7.48900,-0.00301058
1715318400000,1996789.00000000,14953952.82100000,3.1322,0.7580,0.2420,1.2009,0.5456,0.4544,2.9761,0.7485,0.2515,-0.0015,7.48300,-0.01127211
1715318700000,1998261.00000000,14954358.24971559,3.1152,0.7570,0.2430,1.2010,0.5457,0.4543,2.9463,0.7466,0.2534,-0.0019,7.47600,-0.01429955
1715319000000,1997180.00000000,14935004.46949040,3.1391,0.7584,0.2416,1.1999,0.5454,0.4546,2.9714,0.7482,0.2518,0.0028,7.50500,0.02116299
1715319300000,1997423.00000000,14992132.61459135,3.1322,0.7580,0.2420,1.1972,0.5449,0.4551,2.9841,0.7490,0.2510,-0.0002,7.50700,-0.00170324
1715319600000,2000816.00000000,15020125.71200000,2.9904,0.7494,0.2506,1.1997,0.5454,0.4546,2.8820,0.7424,0.2576,-0.0015,7.49800,-0.01092180
1715319900000,2001381.00000000,15010787.35661118,2.9920,0.7495,0.2505,1.2017,0.5458,0.4542,2.8820,0.7424,0.2576,-0.0012,7.49600,-0.00876941
1715320200000,2000929.00000000,15002154.66547630,2.9872,0.7492,0.2508,1.2003,0.5455,0.4545,2.8865,0.7427,0.2573,0.0002,7.50500,0.00173047
1715320500000,2001713.00000000,15024417.34108861,3.1118,0.7568,0.2432,1.1996,0.5454,0.4546,2.9857,0.7491,0.2509,-0.0015,7.49700,-0.01115211
1715320800000,2001789.00000000,15006513.99032937,3.1271,0.7577,0.2423,1.2004,0.5455,0.4545,2.9936,0.7496,0.2504,0.0012,7.51000,0.00864145
1715321100000,2004311.00000000,15050371.29900000,3.1135,0.7569,0.2431,1.1988,0.5452,0.4548,2.9777,0.7486,0.2514,0.0015,7.52300,0.01097890
1715321400000,2004989.00000000,15085537.23600000,3.1135,0.7569,0.2431,1.1990,0.5453,0.4547,2.9872,0.7492,0.2508,0.0014,7.53600,0.01024113
1715321700000,2006476.00000000,15118796.66000000,3.1102,0.7567,0.2433,1.1992,0.5453,0.4547,2.9825,0.7489,0.2511,-0.0017,7.52500,-0.01244960
1715322000000,2006789.00000000,15104270.49405125,3.1220,0.7574,0.2426,1.1995,0.5453,0.4547,2.9667,0.7479,0.2521,-0.0028,7.51200,-0.02081500
1715322300000,2006438.00000000,15074368.69400000,3.1271,0.7577,0.2423,1.1989,0.5452,0.4548,2.9984,0.7499,0.2501,0.0010,7.52500,0.00745665
1715322600000,2006520.00000000,15106280.23172280,3.1000,0.7561,0.2439,1.1995,0.5454,0.4546,2.9604,0.7475,0.2525,0.0008,7.53800,0.00583293
1715322900000,2007405.00000000,15133282.60942980,3.1034,0.7563,0.2437,1.1998,0.5454,0.4546,2.9746,0.7484,0.2516,-0.0004,7.54100,-0.00276010
1715323200000,2003581.00000000,15110482.90367057,3.1305,0.7579,0.2421,1.1985,0.5452,0.4548,3.0000,0.7500,0.2500,0.0005,7.55200,0.00342304
1715323500000,2003441.00000000,15131526.81768167,3.1322,0.7580,0.2420,1.1988,0.5452,0.4548,2.9761,0.7485,0.2515,0.0073,7.61300,0.05494259
1715323800000,2025990.00000000,15420018.60748980,3.0900,0.7555,0.2445,1.1974,0.5449,0.4551,2.9904,0.7494,0.2506,0.0026,7.63100,0.01994777
1715324100000,2040768.00000000,15575119.47855936,3.0917,0.7556,0.2444,1.1960,0.5446,0.4554,3.0209,0.7513,0.2487,-0.0021,7.61600,-0.01568062
1715324400000,2055206.00000000,15655420.58001158,3.0783,0.7548,0.2452,1.1995,0.5454,0.4546,3.0209,0.7513,0.2487,0.0000,7.62300,0.00031689
1715324700000,2052639.00000000,15649319.73600000,2.9047,0.7439,0.2561,1.1998,0.5454,0.4546,2.6873,0.7288,0.2712,-0.0017,7.61300,-0.01278358
1715325000000,2060026.00000000,15679251.96897380,2.9139,0.7445,0.2555,1.2011,0.5457,0.4543,2.7202,0.7312,0.2688,-0.0009,7.60700,-0.00697855
1715325300000,2053985.00000000,15624663.89500000,2.9604,0.7475,0.2525,1.2019,0.5458,0.4542,2.7383,0.7325,0.2675,-0.0003,7.60900,-0.00219176
1715325600000,2055543.00000000,15637375.74296835,2.9557,0.7472,0.2528,1.2013,0.5457,0.4543,2.7341,0.7322,0.2678,0.0003,7.61600,0.00213873
1715325900000,2054202.00000000,15651873.20070420,2.9401,0.7462,0.2538,1.1993,0.5453,0.4547,2.7327,0.7321,0.2679,0.0003,7.62300,0.00207660
1715326200000,2054169.00000000,15663609.99210735,2.9432,0.7464,0.2536,1.1990,0.5452,0.4548,2.7383,0.7325,0.2675,0.0023,7.64500,0.01757375
1715326500000,2056483.00000000,15725925.50100000,2.9324,0.7457,0.2543,1.2003,0.5455,0.4545,2.6563,0.7265,0.2735,0.0044,7.68400,0.03397804
1715326800000,2060672.00000000,15832142.97600000,2.9017,0.7437,0.2563,1.2030,0.5461,0.4539,2.5625,0.7193,0.2807,0.0008,7.69500,0.00650633
1715327100000,2064089.00000000,15893037.22755988,2.9032,0.7438,0.2562,1.2034,0.5462,0.4538,2.5411,0.7176,0.2824,-0.0015,7.69400,-0.01154184
1715327400000,2064382.00000000,15884128.46678484,2.8805,0.7423,0.2577,1.2041,0.5463,0.4537,2.4953,0.7139,0.2861,0.0034,7.72700,0.02600872
1715327700000,2070397.00000000,16001165.01592049,2.8432,0.7398,0.2602,1.2007,0.5456,0.4544,2.4554,0.7106,0.2894,-0.0040,7.70300,-0.03082109
1715328000000,2089772.00000000,16098885.10797728,2.8373,0.7394,0.2606,1.2066,0.5468,0.4532,2.4341,0.7088,0.2912,-0.0015,7.70400,-0.01147073
1715328300000,2087640.00000000,16083178.56000000,2.8241,0.7385,0.2615,1.2053,0.5466,0.4534,2.4294,0.7084,0.2916,0.0002,7.71400,0.00186944
1715328600000,2086204.00000000,16090891.45200000,2.8110,0.7376,0.2624,1.2040,0.5463,0.4537,2.4025,0.7061,0.2939,-0.0022,7.70100,-0.01713195
1715328900000,2093005.00000000,16116138.50000000,2.8124,0.7377,0.2623,1.2062,0.5467,0.4533,2.4014,0.7060,0.2940,-0.0014,7.69800,-0.01090040
1715329200000,2092842.00000000,16114695.54650208,2.8095,0.7375,0.2625,1.2027,0.5460,0.4540,2.3841,0.7045,0.2955,-0.0011,7.69800,-0.00817670
1715329500000,2095661.00000000,16134494.03900000,2.7893,0.7361,0.2639,1.2006,0.5456,0.4544,2.3613,0.7025,0.2975,-0.0030,7.68300,-0.02286366
1715329800000,2100914.00000000,16143423.17600000,2.7936,0.7364,0.2636,1.1979,0.5450,0.4550,2.3580,0.7022,0.2978,-0.0020,7.67300,-0.01544031
1715330100000,2100126.00000000,16112166.67200000,2.7936,0.7364,0.2636,1.1960,0.5446,0.4554,2.3636,0.7027,0.2973,-0.0015,7.66600,-0.01172233
1715330400000,2101171.00000000,16109678.05700000,2.7979,0.7367,0.2633,1.1970,0.5448,0.4552,2.3512,0.7016,0.2984,-0.0027,7.65300,-0.02054259
1715330700000,2101188.00000000,16082492.95200000,2.8124,0.7377,0.2623,1.1960,0.5446,0.4554,2.3636,0.7027,0.2973,0.0017,7.67400,0.01322537
1715331000000,2100497.00000000,16121314.47500000,2.8168,0.7380,0.2620,1.1949,0.5444,0.4556,2.3659,0.7029,0.2971,-0.0024,7.66200,-0.01830215
1715331300000,2100730.00000000,16099898.31750030,2.8285,0.7388,0.2612,1.1957,0.5446,0.4554,2.3750,0.7037,0.2963,-0.0015,7.66000,-0.01161219
1715331600000,2098769.00000000,16076570.54000000,2.8110,0.7376,0.2624,1.1950,0.5444,0.4556,2.3693,0.7032,0.2968,-0.0008,7.66000,-0.00614654
1715331900000,2099364.00000000,16083888.08490804,2.8066,0.7373,0.2627,1.1958,0.5446,0.4554,2.3580,0.7022,0.2978,-0.0013,7.65500,-0.00990300
1715332200000,2098025.00000000,16060381.37500000,2.8124,0.7377,0.2623,1.1966,0.5447,0.4553,2.3681,0.7031,0.2969,-0.0017,7.64600,-0.01293044
1715332500000,2096402.00000000,16034094.74695490,2.8183,0.7381,0.2619,1.1961,0.5446,0.4554,2.3659,0.7029,0.2971,0.0001,7.65500,0.00082104
1715332800000,2090556.00000000,16011600.68218464,2.8447,0.7399,0.2601,1.1955,0.5445,0.4555,2.3898,0.7050,0.2950,-0.0028,7.64200,-0.02177218
1715333100000,2094554.00000000,16008676.22200000,2.8300,0.7389,0.2611,1.1949,0.5444,0.4556,2.3681,0.7031,0.2969,-0.0018,7.63600,-0.01402748
1715333400000,2094518.00000000,15991644.93000000,2.8270,0.7387,0.2613,1.1927,0.5440,0.4560,2.3727,0.7035,0.2965,-0.0005,7.63600,-0.00402209
1715333700000,2090039.00000000,15965107.11002291,2.8241,0.7385,0.2615,1.1928,0.5440,0.4560,2.3738,0.7036,0.2964,-0.0021,7.63000,-0.01622830
1715334000000,2087948.00000000,15930706.41222864,2.8285,0.7388,0.2612,1.1926,0.5439,0.4561,2.3784,0.7040,0.2960,0.0002,7.64000,0.00164650
1715334300000,2086236.00000000,15938335.02067164,2.8256,0.7386,0.2614,1.1927,0.5439,0.4561,2.3898,0.7050,0.2950,-0.0028,7.62300,-0.02177361
1715334600000,2079692.00000000,15851412.42400000,2.8551,0.7406,0.2594,1.1930,0.5440,0.4560,2.4095,0.7067,0.2933,-0.0018,7.61400,-0.01374810
1715334900000,2079503.00000000,15831256.33900000,2.8865,0.7427,0.2573,1.1934,0.5441,0.4559,2.4459,0.7098,0.2902,-0.0002,7.61400,-0.00151207
1715335200000,2079292.00000000,15831729.28800000,2.8895,0.7429,0.2571,1.1932,0.5440,0.4560,2.4542,0.7105,0.2895,-0.0002,7.61400,-0.00145527
1715335500000,2080007.00000000,15843253.72006289,2.8790,0.7422,0.2578,1.1908,0.5435,0.4565,2.4542,0.7105,0.2895,0.0008,7.62500,0.00637398
1715335800000,2086247.00000000,15907633.37500000,2.8476,0.7401,0.2599,1.1916,0.5437,0.4563,2.4771,0.7124,0.2876,0.0003,7.63000,0.00241068
1715336100000,2087580.00000000,15928235.40000000,2.8388,0.7395,0.2605,1.1884,0.5431,0.4569,2.4819,0.7128,0.2872,-0.0004,7.63000,-0.00289952
1715336400000,2087726.00000000,15930777.25932044,2.8402,0.7396,0.2604,1.1883,0.5430,0.4570,2.4783,0.7125,0.2875,-0.0031,7.61300,-0.02364058
1715336700000,2094326.00000000,15944697.30715862,2.8835,0.7425,0.2575,1.1981,0.5451,0.4549,2.5199,0.7159,0.2841,-0.0009,7.61400,-0.00648028
1715337000000,2093632.00000000,15938820.41600000,2.9002,0.7436,0.2564,1.1975,0.5449,0.4551,2.5348,0.7171,0.2829,-0.0020,7.60300,-0.01501635
1715337300000,2089920.00000000,15887571.84000000,2.9002,0.7436,0.2564,1.1967,0.5448,0.4552,2.5423,0.7177,0.2823,-0.0012,7.59800,-0.00894068
1715337600000,2089343.00000000,15876917.45700000,2.8805,0.7423,0.2577,1.1982,0.5451,0.4549,2.5298,0.7167,0.2833,0.0000,7.60200,0.00011218
1715337900000,2087935.00000000,15870393.93500000,2.8850,0.7426,0.2574,1.1966,0.5448,0.4552,2.5348,0.7171,0.2829,-0.0005,7.60300,-0.00361604
1715338200000,2089480.00000000,15886316.44000000,2.8775,0.7421,0.2579,1.1964,0.5447,0.4553,2.5199,0.7159,0.2841,0.0004,7.61000,0.00301614
1715338500000,2087484.00000000,15892747.04201940,2.8820,0.7424,0.2576,1.1951,0.5444,0.4556,2.5323,0.7169,0.2831,-0.0003,7.61500,-0.00245230
1715338800000,2087588.00000000,15897945.08157152,2.8790,0.7422,0.2578,1.1953,0.5445,0.4555,2.5361,0.7172,0.2828,0.0008,7.62400,0.00592344
1715339100000,2088906.00000000,15927908.25000000,2.8655,0.7413,0.2587,1.1941,0.5442,0.4558,2.5323,0.7169,0.2831,-0.0021,7.61100,-0.01629245
1715339400000,2096413.00000000,15955799.34300000,2.8775,0.7421,0.2579,1.1890,0.5432,0.4568,2.5436,0.7178,0.2822,-0.0001,7.61600,-0.00063952
1715339700000,2095136.00000000,15964692.04809376,2.8715,0.7417,0.2583,1.1878,0.5429,0.4571,2.5436,0.7178,0.2822,-0.0003,7.62200,-0.00228276
1715340000000,2093975.00000000,15960277.45000000,2.8790,0.7422,0.2578,1.1878,0.5429,0.4571,2.5486,0.7182,0.2818,0.0002,7.63000,0.00180904
1715340300000,2094433.00000000,15984280.76297107,2.8850,0.7426,0.2574,1.1893,0.5432,0.4568,2.5448,0.7179,0.2821,-0.0013,7.62800,-0.00957512
1715340600000,2093628.00000000,15970194.38400000,2.8700,0.7416,0.2584,1.1900,0.5434,0.4566,2.5286,0.7166,0.2834,-0.0016,7.62000,-0.01250180
1715340900000,2092333.00000000,15943577.46000000,2.8850,0.7426,0.2574,1.1911,0.5436,0.4564,2.5600,0.7191,0.2809,-0.0019,7.61200,-0.01485973
1715341200000,2092033.00000000,15931572.77425619,2.8926,0.7431,0.2569,1.1916,0.5437,0.4563,2.5613,0.7192,0.2808,-0.0009,7.61500,-0.00699692
1715341500000,2090576.00000000,15917645.66400000,2.8956,0.7433,0.2567,1.1915,0.5437,0.4563,2.5562,0.7188,0.2812,0.0003,7.62200,0.00207445
1715341800000,2088888.00000000,15921504.33600000,2.9139,0.7445,0.2555,1.1905,0.5435,0.4565,2.5791,0.7206,0.2794,0.0001,7.62600,0.00106356
1715342100000,2089965.00000000,15933893.16000000,2.9324,0.7457,0.2543,1.1893,0.5432,0.4568,2.6127,0.7232,0.2768,0.0005,7.63100,0.00344320
1715342400000,2091082.00000000,15961690.82601380,2.9324,0.7457,0.2543,1.1883,0.5430,0.4570,2.6206,0.7238,0.2762,0.0006,7.64200,0.00480377
1715342700000,2087537.00000000,15952957.75400000,2.9185,0.7448,0.2552,1.1881,0.5430,0.4570,2.6403,0.7253,0.2747,-0.0023,7.62600,-0.01796135
1715343000000,2087837.00000000,15923932.79900000,2.9154,0.7446,0.2554,1.1906,0.5435,0.4565,2.6311,0.7246,0.2754,-0.0006,7.62700,-0.00420934
1715343300000,2087407.00000000,15922935.70593229,2.9093,0.7442,0.2558,1.1890,0.5432,0.4568,2.5932,0.7217,0.2783,-0.0036,7.60700,-0.02770159
1715343600000,2083653.00000000,15848713.68271191,2.9370,0.7460,0.2540,1.1883,0.5430,0.4570,2.6193,0.7237,0.2763,-0.0009,7.60500,-0.00709193
1715343900000,2084273.00000000,15848811.89200000,2.9432,0.7464,0.2536,1.1893,0.5432,0.4568,2.6245,0.7241,0.2759,0.0007,7.61300,0.00527330
1715344200000,2083904.00000000,15864761.15200000,2.9432,0.7464,0.2536,1.1885,0.5431,0.4569,2.6298,0.7245,0.2755,-0.0013,7.60800,-0.00962000
1715344500000,2082937.00000000,15851784.65768154,2.9262,0.7453,0.2547,1.1869,0.5427,0.4573,2.6219,0.7239,0.2761,-0.0021,7.59800,-0.01614130
1715344800000,2082146.00000000,15825637.48861150,2.9479,0.7467,0.2533,1.1863,0.5426,0.4574,2.6403,0.7253,0.2747,-0.0026,7.58600,-0.01946569
1715345100000,2084984.00000000,15816688.62400000,2.9494,0.7468,0.2532,1.1894,0.5433,0.4567,2.6324,0.7247,0.2753,-0.0023,7.57400,-0.01777764
1715345400000,2085345.00000000,15790425.19270560,2.9448,0.7465,0.2535,1.1888,0.5431,0.4569,2.6563,0.7265,0.2735,0.0016,7.58900,0.01229461
1715345700000,2086562.00000000,15843980.99849724,2.9526,0.7470,0.2530,1.1864,0.5426,0.4574,2.6443,0.7256,0.2744,-0.0008,7.58900,-0.00575232
1715346000000,2086274.00000000,15831534.59209686,2.9386,0.7461,0.2539,1.1869,0.5427,0.4573,2.6456,0.7257,0.2743,-0.0003,7.58900,-0.00195191
1715346300000,2086501.00000000,15837347.31170568,2.9293,0.7455,0.2545,1.1843,0.5422,0.4578,2.6390,0.7252,0.2748,-0.0017,7.57800,-0.01268259
1715346600000,2085472.00000000,15805792.28800000,2.9573,0.7473,0.2527,1.1840,0.5421,0.4579,2.6711,0.7276,0.2724,-0.0002,7.58000,-0.00153160
1715346900000,2085462.00000000,15809887.42200000,2.9588,0.7474,0.2526,1.1828,0.5419,0.4581,2.6738,0.7278,0.2722,-0.0007,7.57600,-0.00557245
1715347200000,2086911.00000000,15810102.95373738,2.9557,0.7472,0.2528,1.1827,0.5419,0.4581,2.6697,0.7275,0.2725,-0.0015,7.56800,-0.01140343
1715347500000,2088253.00000000,15805986.95700000,2.9651,0.7478,0.2522,1.1832,0.5420,0.4580,2.6969,0.7295,0.2705,-0.0031,7.54700,-0.02360404
1715347800000,2089342.00000000,15773417.83301798,2.9432,0.7464,0.2536,1.1836,0.5420,0.4580,2.6711,0.7276,0.2724,0.0045,7.58700,0.03368755
1715348100000,2091019.00000000,15863534.98542575,2.9231,0.7451,0.2549,1.1823,0.5418,0.4582,2.6496,0.7260,0.2740,-0.0023,7.57100,-0.01742517
1715348400000,2091866.00000000,15835425.62000000,2.9246,0.7452,0.2548,1.1825,0.5418,0.4582,2.6496,0.7260,0.2740,-0.0010,7.56800,-0.00723108
1715348700000,2090107.00000000,15818769.12116906,2.9370,0.7460,0.2540,1.1828,0.5419,0.4581,2.6643,0.7271,0.2729,0.0025,7.59000,0.01907327
1715349000000,2088948.00000000,15856262.73735744,2.9293,0.7455,0.2545,1.1806,0.5414,0.4586,2.6550,0.7264,0.2736,-0.0014,7.58100,-0.01068356
1715349300000,2089020.00000000,15846821.77762680,2.9231,0.7451,0.2549,1.1797,0.5412,0.4588,2.6456,0.7257,0.2743,-0.0017,7.57700,-0.01268096
1715349600000,2088962.00000000,15832242.99800000,2.9277,0.7454,0.2546,1.1799,0.5413,0.4587,2.6550,0.7264,0.2736,-0.0014,7.57200,-0.01057464
1715349900000,2090431.00000000,15838961.01521594,2.9339,0.7458,0.2542,1.1799,0.5413,0.4587,2.6657,0.7272,0.2728,-0.0045,7.54700,-0.03384136
1715350200000,2089876.00000000,15772458.31086104,2.9262,0.7453,0.2547,1.1809,0.5415,0.4585,2.6765,0.7280,0.2720,-0.0021,7.53700,-0.01569337
1715350500000,2089401.00000000,15751107.94045986,2.9370,0.7460,0.2540,1.1822,0.5417,0.4583,2.6590,0.7267,0.2733,-0.0056,7.50000,-0.04223029
1715350800000,2087289.00000000,15656754.78900000,2.9370,0.7460,0.2540,1.1836,0.5420,0.4580,2.6657,0.7272,0.2728,0.0017,7.51700,0.01249717
1715351100000,2089962.00000000,15707085.71083092,2.9448,0.7465,0.2535,1.1851,0.5423,0.4577,2.6456,0.7257,0.2743,-0.0071,7.46500,-0.05337266
1715351400000,2095338.00000000,15641698.17000000,2.9793,0.7487,0.2513,1.1858,0.5425,0.4575,2.7453,0.7330,0.2670,-0.0014,7.45800,-0.01070562
1715351700000,2109554.00000000,15735163.28600000,2.9620,0.7476,0.2524,1.1878,0.5429,0.4571,2.7230,0.7314,0.2686,-0.0027,7.44000,-0.02001848
1715352000000,2115644.00000000,15740391.36000000,3.0833,0.7551,0.2449,1.1887,0.5431,0.4569,2.9526,0.7470,0.2530,-0.0065,7.39200,-0.04847254
1715352300000,2114089.00000000,15628972.80633084,3.1719,0.7603,0.2397,1.1902,0.5434,0.4566,3.0850,0.7552,0.2448,-0.0043,7.36600,-0.03161590
1715352600000,2108602.00000000,15531962.33200000,3.1254,0.7576,0.2424,1.1936,0.5441,0.4559,3.0225,0.7514,0.2486,-0.0067,7.32300,-0.04944605
1715352900000,2129206.00000000,15585372.44803322,3.1068,0.7565,0.2435,1.1905,0.5435,0.4565,2.9904,0.7494,0.2506,0.0008,7.33000,0.00576663
1715353200000,2124064.00000000,15571536.33629760,3.1859,0.7611,0.2389,1.1875,0.5429,0.4571,3.0519,0.7532,0.2468,-0.0023,7.31900,-0.01683882
1715353500000,2101737.00000000,15388152.39900246,3.2176,0.7629,0.2371,1.1807,0.5414,0.4586,3.1632,0.7598,0.2402,-0.0072,7.27700,-0.05282604
1715353800000,2083592.00000000,15158131.80000000,3.2194,0.7630,0.2370,1.1748,0.5402,0.4598,3.1085,0.7566,0.2434,-0.0012,7.27500,-0.00910278
1715354100000,2071031.00000000,15070892.58700000,3.2283,0.7635,0.2365,1.1755,0.5403,0.4597,3.1408,0.7585,0.2415,0.0014,7.28700,0.01002468
1715354400000,2065377.00000000,15048091.33128978,3.2589,0.7652,0.2348,1.1749,0.5402,0.4598,3.1684,0.7601,0.2399,0.0022,7.30800,0.01613713
1715354700000,2052149.00000000,14995052.74300000,3.2863,0.7667,0.2333,1.1723,0.5397,0.4603,3.2034,0.7621,0.2379,-0.0006,7.30700,-0.00441268
1715355000000,2043656.00000000,14940793.67813904,3.2974,0.7673,0.2327,1.1770,0.5407,0.4593,3.2194,0.7630,0.2370,-0.0007,7.31200,-0.00540566
1715355300000,2042701.00000000,14938272.41300000,3.3234,0.7687,0.2313,1.1787,0.5410,0.4590,3.2301,0.7636,0.2364,-0.0054,7.28100,-0.03928741
1715355600000,2040011.00000000,14859833.33612025,3.3197,0.7685,0.2315,1.1812,0.5415,0.4585,3.2265,0.7634,0.2366,-0.0005,7.29100,-0.00337054
1715355900000,2036407.00000000,14845407.03000000,3.3384,0.7695,0.2305,1.1828,0.5419,0.4581,3.2355,0.7639,0.2361,-0.0007,7.29000,-0.00499346
1715356200000,2036941.00000000,14851336.83100000,3.3048,0.7677,0.2323,1.1830,0.5419,0.4581,3.2017,0.7620,0.2380,-0.0004,7.29300,-0.00288998
1715356500000,2035036.00000000,14850514.72706104,3.3011,0.7675,0.2325,1.1826,0.5418,0.4582,3.1859,0.7611,0.2389,-0.0014,7.29400,-0.01003933
1715356800000,2036675.00000000,14865023.40660250,3.2772,0.7662,0.2338,1.1833,0.5420,0.4580,3.1789,0.7607,0.2393,-0.0087,7.24300,-0.06329538
1715357100000,2040259.00000000,14781912.75779738,3.3085,0.7679,0.2321,1.1813,0.5416,0.4584,3.2772,0.7662,0.2338,0.0021,7.27200,0.01495077
1715357400000,2038906.00000000,14829541.79602126,3.3422,0.7697,0.2303,1.1752,0.5403,0.4597,3.3937,0.7724,0.2276,0.0026,7.29600,0.01912686
1715357700000,2039213.00000000,14882569.81779557,3.3328,0.7692,0.2308,1.1786,0.5410,0.4590,3.3592,0.7706,0.2294,-0.0018,7.29000,-0.01334264
1715358000000,2043399.00000000,14904712.99889736,3.3706,0.7712,0.2288,1.1811,0.5415,0.4585,3.3956,0.7725,0.2275,-0.0007,7.29500,-0.00511679
1715358300000,2041284.00000000,14887084.21200000,3.3328,0.7692,0.2308,1.1809,0.5415,0.4585,3.3706,0.7712,0.2288,-0.0050,7.26200,-0.03614701
1715358600000,2038722.00000000,14807060.43563712,3.3271,0.7689,0.2311,1.1801,0.5413,0.4587,3.3975,0.7726,0.2274,-0.0069,7.22100,-0.05004048
1715358900000,2036229.00000000,14705256.95898558,3.3328,0.7692,0.2308,1.1814,0.5416,0.4584,3.4248,0.7740,0.2260,-0.0019,7.21700,-0.01357924
1715359200000,2037483.00000000,14704514.81100000,3.3459,0.7699,0.2301,1.1796,0.5412,0.4588,3.3917,0.7723,0.2277,0.0003,7.22400,0.00187231
1715359500000,2039858.00000000,14740588.35241138,3.3422,0.7697,0.2303,1.1778,0.5408,0.4592,3.3860,0.7720,0.2280,0.0003,7.23500,0.00219675
1715359800000,2037917.00000000,14744329.49500000,3.3141,0.7682,0.2318,1.1796,0.5412,0.4588,3.3346,0.7693,0.2307,0.0013,7.25100,0.00930683
1715360100000,2038525.00000000,14785876.80339475,3.3253,0.7688,0.2312,1.1805,0.5414,0.4586,3.3290,0.7690,0.2310,0.0000,7.26100,0.00030393
1715360400000,2038719.00000000,14819019.44413521,3.3290,0.7690,0.2310,1.1834,0.5420,0.4580,3.3346,0.7693,0.2307,-0.0051,7.23900,-0.03703142
1715360700000,2039219.00000000,14771989.13699236,3.3592,0.7706,0.2294,1.1816,0.5416,0.4584,3.3459,0.7699,0.2301,-0.0024,7.23500,-0.01704427
1715361000000,2037953.00000000,14752537.64562752,3.3649,0.7709,0.2291,1.1808,0.5415,0.4585,3.3592,0.7706,0.2294,-0.0008,7.24200,-0.00558070
1715361300000,2036341.00000000,14737431.37874813,3.4053,0.7730,0.2270,1.1832,0.5420,0.4580,3.3745,0.7714,0.2286,-0.0043,7.21500,-0.03125275
1715361600000,2041903.00000000,14733188.98982083,3.3745,0.7714,0.2286,1.1741,0.5400,0.4600,3.3592,0.7706,0.2294,-0.0026,7.20500,-0.01884503
1715361900000,2040538.00000000,14697995.21400000,3.3649,0.7709,0.2291,1.1732,0.5398,0.4602,3.3860,0.7720,0.2280,-0.0012,7.20400,-0.00858982
1715362200000,2047614.00000000,14748963.64200000,3.3554,0.7704,0.2296,1.1782,0.5409,0.4591,3.3403,0.7696,0.2304,-0.0030,7.18900,-0.02132587
1715362500000,2047664.00000000,14721267.02749824,3.3478,0.7700,0.2300,1.1776,0.5408,0.4592,3.3328,0.7692,0.2308,-0.0010,7.19400,-0.00737230
1715362800000,2049269.00000000,14742441.18600000,3.3403,0.7696,0.2304,1.1729,0.5398,0.4602,3.3384,0.7695,0.2305,0.0028,7.22000,0.02040064
1715363100000,2049437.00000000,14796935.14000000,3.3554,0.7704,0.2296,1.1727,0.5397,0.4603,3.3459,0.7699,0.2301,-0.0055,7.18600,-0.04001491
1715363400000,2048415.00000000,14725990.56169695,3.4170,0.7736,0.2264,1.1776,0.5408,0.4592,3.4150,0.7735,0.2265,-0.0019,7.18500,-0.01334499
1715363700000,2047310.00000000,14709922.35000000,3.3687,0.7711,0.2289,1.1753,0.5403,0.4597,3.3478,0.7700,0.2300,0.0029,7.21500,0.02116338
1715364000000,2046859.00000000,14777033.46179091,3.3821,0.7718,0.2282,1.1766,0.5406,0.4594,3.3403,0.7696,0.2304,-0.0045,7.19200,-0.03279841
1715364300000,2045695.00000000,14713304.00686825,3.3995,0.7727,0.2273,1.1775,0.5408,0.4592,3.3725,0.7713,0.2287,0.0006,7.20600,0.00448973
1715364600000,2046817.00000000,14753078.92983644,3.3937,0.7724,0.2276,1.1781,0.5409,0.4591,3.3706,0.7712,0.2288,-0.0005,7.21200,-0.00389887
1715364900000,2045032.00000000,14746725.75200000,3.4014,0.7728,0.2272,1.1804,0.5414,0.4586,3.4111,0.7733,0.2267,-0.0055,7.17800,-0.03941108
1715365200000,2038467.00000000,14632116.12600000,3.4504,0.7753,0.2247,1.1806,0.5414,0.4586,3.4763,0.7766,0.2234,-0.0009,7.18300,-0.00653899
1715365500000,2038297.00000000,14641540.24021043,3.4543,0.7755,0.2245,1.1793,0.5411,0.4589,3.4843,0.7770,0.2230,0.0001,7.19200,0.00043176
1715365800000,2041904.00000000,14683331.66400000,3.4504,0.7753,0.2247,1.1787,0.5410,0.4590,3.4663,0.7761,0.2239,0.0009,7.20500,0.00644611
1715366100000,2041629.00000000,14711813.46746277,3.4425,0.7749,0.2251,1.1784,0.5409,0.4591,3.4623,0.7759,0.2241,-0.0017,7.20200,-0.01225033
1715366400000,2040063.00000000,14697996.66790329,3.4464,0.7751,0.2249,1.1809,0.5415,0.4585,3.4464,0.7751,0.2249,-0.0001,7.21300,-0.00079587
1715366700000,2039475.00000000,14712476.62020375,3.4425,0.7749,0.2251,1.1796,0.5412,0.4588,3.4504,0.7753,0.2247,-0.0033,7.19900,-0.02360302
1715367000000,2036581.00000000,14667139.32743573,3.4583,0.7757,0.2243,1.1802,0.5413,0.4587,3.4723,0.7764,0.2236,0.0001,7.21300,0.00101755
1715367300000,2037485.00000000,14696379.30500000,3.4663,0.7761,0.2239,1.1818,0.5417,0.4583,3.4563,0.7756,0.2244,0.0001,7.22100,0.00069802
1715367600000,2036117.00000000,14706873.09100000,3.4663,0.7761,0.2239,1.1821,0.5417,0.4583,3.4723,0.7764,0.2236,0.0003,7.23000,0.00220745
1715367900000,2035861.00000000,14726961.23997801,3.4543,0.7755,0.2245,1.1815,0.5416,0.4584,3.4683,0.7762,0.2238,-0.0029,7.22200,-0.02087703
1715368200000,2033921.00000000,14691011.38300000,3.4743,0.7765,0.2235,1.1829,0.5419,0.4581,3.4863,0.7771,0.2229,-0.0025,7.21300,-0.01818090
1715368500000,2032081.00000000,14662361.27394935,3.4723,0.7764,0.2236,1.1825,0.5418,0.4582,3.4743,0.7765,0.2235,-0.0025,7.20700,-0.01796443
1715368800000,2031937.00000000,14646496.73005870,3.4663,0.7761,0.2239,1.1815,0.5416,0.4584,3.4783,0.7767,0.2233,-0.0029,7.19700,-0.02107011
1715369100000,2032348.00000000,14631766.85509212,3.4803,0.7768,0.2232,1.1839,0.5421,0.4579,3.4883,0.7772,0.2228,-0.0015,7.20100,-0.01114444
1715369400000,2033364.00000000,14642254.16400000,3.4803,0.7768,0.2232,1.1832,0.5420,0.4580,3.4903,0.7773,0.2227,-0.0027,7.19100,-0.01982719
1715369700000,2032849.00000000,14626334.56899888,3.4944,0.7775,0.2225,1.1848,0.5423,0.4577,3.5045,0.7780,0.2220,-0.0021,7.19300,-0.01480509
1715370000000,2032581.00000000,14622387.71400000,3.5106,0.7783,0.2217,1.1855,0.5424,0.4576,3.5393,0.7797,0.2203,-0.0019,7.19300,-0.01382384
1715370300000,2032628.00000000,14622962.87707736,3.4823,0.7769,0.2231,1.1847,0.5423,0.4577,3.4823,0.7769,0.2231,-0.0034,7.18100,-0.02482611
1715370600000,2031424.00000000,14587655.74400000,3.4863,0.7771,0.2229,1.1866,0.5427,0.4573,3.4964,0.7776,0.2224,0.0004,7.19600,0.00280647
1715370900000,2033195.00000000,14634610.52992035,3.4783,0.7767,0.2233,1.1851,0.5424,0.4576,3.4843,0.7770,0.2230,-0.0027,7.18900,-0.01947129
1715371200000,2035565.00000000,14631641.22000000,3.4783,0.7767,0.2233,1.1864,0.5426,0.4574,3.4643,0.7760,0.2240,-0.0011,7.19100,-0.00780091
1715371500000,2037090.00000000,14652788.37000000,3.4803,0.7768,0.2232,1.1851,0.5423,0.4577,3.4883,0.7772,0.2228,0.0006,7.20900,0.00450108
1715371800000,2035991.00000000,14675423.12800000,3.4663,0.7761,0.2239,1.1828,0.5419,0.4581,3.5025,0.7779,0.2221,-0.0043,7.18700,-0.03119913
1715372100000,2035280.00000000,14636655.28548080,3.4743,0.7765,0.2235,1.1844,0.5422,0.4578,3.5126,0.7784,0.2216,-0.0046,7.17100,-0.03322198
1715372400000,2032832.00000000,14578622.49828160,3.5269,0.7791,0.2209,1.1835,0.5420,0.4580,3.5517,0.7803,0.2197,-0.0060,7.14200,-0.04339739
1715372700000,2034684.00000000,14534953.76920680,3.5228,0.7789,0.2211,1.1831,0.5419,0.4581,3.4984,0.7777,0.2223,-0.0032,7.13400,-0.02300548
1715373000000,2038621.00000000,14545560.83500000,3.5188,0.7787,0.2213,1.1839,0.5421,0.4579,3.5086,0.7782,0.2218,-0.0053,7.10700,-0.03773011
1715373300000,2039629.00000000,14495643.30300000,3.5475,0.7801,0.2199,1.1835,0.5420,0.4580,3.5351,0.7795,0.2205,-0.0008,7.11100,-0.00583465
1715373600000,2041445.00000000,14522704.05556530,3.5455,0.7800,0.2200,1.1826,0.5418,0.4582,3.5331,0.7794,0.2206,-0.0011,7.11700,-0.00784424
1715373900000,2040437.00000000,14521790.12900000,3.5788,0.7816,0.2184,1.1834,0.5420,0.4580,3.5579,0.7806,0.2194,-0.0031,7.10400,-0.02243087
1715374200000,2061752.00000000,14648164.79344680,3.5809,0.7817,0.2183,1.1748,0.5402,0.4598,3.5914,0.7822,0.2178,-0.0016,7.10700,-0.01117098
1715374500000,2083389.00000000,14808491.23481343,3.6041,0.7828,0.2172,1.1689,0.5389,0.4611,3.5746,0.7814,0.2186,-0.0028,7.10100,-0.01985155
1715374800000,2100310.00000000,14916401.62000000,3.6318,0.7841,0.2159,1.1661,0.5383,0.4617,3.6104,0.7831,0.2169,-0.0018,7.10300,-0.01301585
1715375100000,2100820.00000000,14924225.28000000,3.5956,0.7824,0.2176,1.1648,0.5381,0.4619,3.5830,0.7818,0.2182,0.0005,7.11800,0.00367254
1715375400000,2102194.00000000,14963416.89200000,3.5662,0.7810,0.2190,1.1653,0.5382,0.4618,3.5788,0.7816,0.2184,-0.0043,7.09300,-0.03029425
1715375700000,2099831.00000000,14896201.11400000,3.5620,0.7808,0.2192,1.1676,0.5387,0.4613,3.5767,0.7815,0.2185,-0.0019,7.09200,-0.01323091
1715376000000,2102587.00000000,14909444.41700000,3.5620,0.7808,0.2192,1.1686,0.5389,0.4611,3.5475,0.7801,0.2199,0.0006,7.10700,0.00439874
1715376300000,2101785.00000000,14935284.21000000,3.5600,0.7807,0.2193,1.1690,0.5390,0.4610,3.5372,0.7796,0.2204,-0.0002,7.11000,-0.00139389
1715376600000,2103981.00000000,14963261.40419088,3.5269,0.7791,0.2209,1.1690,0.5390,0.4610,3.5106,0.7783,0.2217,0.0005,7.12200,0.00379585
1715376900000,2101644.00000000,14971068.91516500,3.5086,0.7782,0.2218,1.1669,0.5385,0.4615,3.5126,0.7784,0.2216,0.0006,7.13300,0.00412623
1715377200000,2100041.00000000,14981836.70381547,3.5005,0.7778,0.2222,1.1675,0.5386,0.4614,3.5106,0.7783,0.2217,-0.0039,7.11200,-0.02755585
1715377500000,2099961.00000000,14941840.30252659,3.5045,0.7780,0.2220,1.1689,0.5389,0.4611,3.5025,0.7779,0.2221,-0.0024,7.10300,-0.01705246
1715377800000,2097782.00000000,14904167.89106850,3.4984,0.7777,0.2223,1.1686,0.5389,0.4611,3.5025,0.7779,0.2221,-0.0018,7.10100,-0.01277685
1715378100000,2096090.00000000,14884335.09000000,3.5106,0.7783,0.2217,1.1699,0.5391,0.4609,3.5228,0.7789,0.2211,0.0008,7.11500,0.00543456
1715378400000,2094440.00000000,14899846.16000000,3.4944,0.7775,0.2225,1.1686,0.5389,0.4611,3.5167,0.7786,0.2214,0.0004,7.12100,0.00302066
1715378700000,2093593.00000000,14908475.75300000,3.4703,0.7763,0.2237,1.1700,0.5392,0.4608,3.4903,0.7773,0.2227,-0.0020,7.11100,-0.01444552
1715379000000,2092034.00000000,14874361.74000000,3.4823,0.7769,0.2231,1.1704,0.5393,0.4607,3.4924,0.7774,0.2226,-0.0020,7.10400,-0.01403686
1715379300000,2091365.00000000,14859291.91812090,3.4823,0.7769,0.2231,1.1708,0.5393,0.4607,3.5045,0.7780,0.2220,0.0000,7.11200,-0.00032100
1715379600000,2090967.00000000,14874089.57256600,3.4803,0.7768,0.2232,1.1688,0.5389,0.4611,3.5208,0.7788,0.2212,-0.0058,7.07800,-0.04162140
1715379900000,2090575.00000000,14808651.58688575,3.4843,0.7770,0.2230,1.1715,0.5395,0.4605,3.5167,0.7786,0.2214,-0.0040,7.06300,-0.02846632
1715380200000,2081543.00000000,14704019.75200000,3.4703,0.7763,0.2237,1.1730,0.5398,0.4602,3.5045,0.7780,0.2220,-0.0032,7.04800,-0.02265900
1715380500000,2081953.00000000,14681454.99762086,3.4883,0.7772,0.2228,1.1722,0.5396,0.4604,3.5517,0.7803,0.2197,-0.0022,7.04600,-0.01534574
1715380800000,2082268.00000000,14671660.32800000,3.4924,0.7774,0.2226,1.1727,0.5397,0.4603,3.5434,0.7799,0.2201,0.0007,7.06300,0.00478474
1715381100000,2083624.00000000,14720877.04941848,3.4863,0.7771,0.2229,1.1723,0.5397,0.4603,3.5126,0.7784,0.2216,0.0014,7.08400,0.00997918
1715381400000,2085096.00000000,14778939.55292976,3.4883,0.7772,0.2228,1.1700,0.5392,0.4608,3.5167,0.7786,0.2214,-0.0019,7.08300,-0.01326544
1715381700000,2084413.00000000,14765981.69200000,3.4964,0.7776,0.2224,1.1711,0.5394,0.4606,3.5188,0.7787,0.2213,-0.0004,7.08800,-0.00315092
1715382000000,2083251.00000000,14768687.02675494,3.4883,0.7772,0.2228,1.1713,0.5394,0.4606,3.5065,0.7781,0.2219,0.0014,7.10900,0.00960870
1715382300000,2083368.00000000,14808579.74400000,3.4623,0.7759,0.2241,1.1694,0.5390,0.4610,3.5086,0.7782,0.2218,0.0013,7.12600,0.00933674
1715382600000,2082049.00000000,14845814.93557859,3.4843,0.7770,0.2230,1.1677,0.5387,0.4613,3.5351,0.7795,0.2205,-0.0012,7.12900,-0.00884471
1715382900000,2082833.00000000,14848516.45700000,3.5005,0.7778,0.2222,1.1688,0.5389,0.4611,3.5290,0.7792,0.2208,-0.0041,7.11100,-0.02954153
1715383200000,2078256.00000000,14784196.48799328,3.5208,0.7788,0.2212,1.1665,0.5384,0.4616,3.5767,0.7815,0.2185,-0.0043,7.09500,-0.03082489
1715383500000,2077362.00000000,14738883.39000000,3.5475,0.7801,0.2199,1.1659,0.5383,0.4617,3.6019,0.7827,0.2173,-0.0023,7.09100,-0.01601632
1715383800000,2078353.00000000,14739291.15652548,3.5475,0.7801,0.2199,1.1661,0.5383,0.4617,3.5935,0.7823,0.2177,0.0004,7.10700,0.00249360
1715384100000,2078260.00000000,14773607.69457160,3.5147,0.7785,0.2215,1.1641,0.5379,0.4621,3.5767,0.7815,0.2185,-0.0017,7.10500,-0.01200282
1715384400000,2078814.00000000,14773896.69093336,3.5249,0.7790,0.2210,1.1634,0.5378,0.4622,3.5830,0.7818,0.2182,-0.0005,7.11400,-0.00368415
1715384700000,2080029.00000000,14798547.86543112,3.4903,0.7773,0.2227,1.1618,0.5374,0.4626,3.5496,0.7802,0.2198,-0.0041,7.09300,-0.02905008
1715385000000,2078998.00000000,14752035.46393404,3.5065,0.7781,0.2219,1.1604,0.5371,0.4629,3.5310,0.7793,0.2207,-0.0010,7.10000,-0.00714549
1715385300000,2080978.00000000,14772862.82200000,3.4843,0.7770,0.2230,1.1583,0.5367,0.4633,3.5249,0.7790,0.2210,-0.0027,7.08600,-0.01899926
1715385600000,2082924.00000000,14764095.62208792,3.4843,0.7770,0.2230,1.1569,0.5364,0.4636,3.5704,0.7812,0.2188,0.0013,7.10400,0.00954388
1715385900000,2086630.00000000,14827960.84066570,3.3764,0.7715,0.2285,1.1486,0.5346,0.4654,3.4944,0.7775,0.2225,-0.0047,7.07500,-0.03365803
1715386200000,2087434.00000000,14774896.21903692,3.3898,0.7722,0.2278,1.1493,0.5347,0.4653,3.4944,0.7775,0.2225,0.0001,7.08800,0.00062842
1715386500000,2088167.00000000,14800941.62407389,3.3860,0.7720,0.2280,1.1475,0.5343,0.4657,3.5005,0.7778,0.2222,0.0006,7.10100,0.00455234
1715386800000,2087278.00000000,14823848.35600000,3.3783,0.7716,0.2284,1.1477,0.5344,0.4656,3.5005,0.7778,0.2222,-0.0008,7.10500,-0.00589784
1715387100000,2086339.00000000,14825524.93400000,3.3995,0.7727,0.2273,1.1461,0.5340,0.4660,3.4924,0.7774,0.2226,-0.0010,7.10600,-0.00707542
1715387400000,2085795.00000000,14821960.45879800,3.4053,0.7730,0.2270,1.1454,0.5339,0.4661,3.4984,0.7777,0.2223,-0.0031,7.09100,-0.02186980
1715387700000,2087251.00000000,14806684.60056123,3.3975,0.7726,0.2274,1.1461,0.5340,0.4660,3.4783,0.7767,0.2233,-0.0056,7.06400,-0.04004071
1715388000000,2086220.00000000,14743316.74000000,3.4092,0.7732,0.2268,1.1475,0.5343,0.4657,3.5045,0.7780,0.2220,-0.0005,7.07300,-0.00378624
1715388300000,2087711.00000000,14766896.54884117,3.4053,0.7730,0.2270,1.1463,0.5341,0.4659,3.4823,0.7769,0.2231,-0.0003,7.08000,-0.00189413
1715388600000,2088025.00000000,14782057.12299275,3.3840,0.7719,0.2281,1.1473,0.5343,0.4657,3.4663,0.7761,0.2239,0.0005,7.09200,0.00378819
1715388900000,2088546.00000000,14812683.95582874,3.3821,0.7718,0.2282,1.1466,0.5342,0.4658,3.4543,0.7755,0.2245,-0.0003,7.09400,-0.00230738
1715389200000,2088438.00000000,14815379.17200000,3.3745,0.7714,0.2286,1.1471,0.5343,0.4657,3.4405,0.7748,0.2252,0.0044,7.13000,0.03106744
1715389500000,2087516.00000000,14886424.98154524,3.3764,0.7715,0.2285,1.1458,0.5340,0.4660,3.4583,0.7757,0.2243,-0.0005,7.13200,-0.00326543
1715389800000,2087262.00000000,14889942.73725786,3.3497,0.7701,0.2299,1.1449,0.5338,0.4662,3.4444,0.7750,0.2250,0.0030,7.16400,0.02149903
1715390100000,2089342.00000000,14969763.90320556,3.3159,0.7683,0.2317,1.1428,0.5333,0.4667,3.4170,0.7736,0.2264,0.0006,7.17500,0.00458370
1715390400000,2087724.00000000,14982651.49675200,3.3011,0.7675,0.2325,1.1408,0.5329,0.4671,3.4189,0.7737,0.2263,-0.0023,7.16400,-0.01630601
1715390700000,2086013.00000000,14948814.64693628,3.3178,0.7684,0.2316,1.1418,0.5331,0.4669,3.4543,0.7755,0.2245,-0.0031,7.15400,-0.02190615
1715391000000,2084973.00000000,14922212.68391106,3.3271,0.7689,0.2311,1.1425,0.5333,0.4667,3.4464,0.7751,0.2249,-0.0040,7.14000,-0.02838468
1715391300000,2089795.00000000,14921136.30000000,3.3122,0.7681,0.2319,1.1444,0.5337,0.4663,3.4131,0.7734,0.2266,-0.0026,7.13200,-0.01826630
1715391600000,2090794.00000000,14909452.01400000,3.3103,0.7680,0.2320,1.1440,0.5336,0.4664,3.4072,0.7731,0.2269,-0.0021,7.12600,-0.01480457
1715391900000,2090664.00000000,14895981.00000000,3.3141,0.7682,0.2318,1.1430,0.5334,0.4666,3.4092,0.7732,0.2268,0.0001,7.13600,0.00050281
1715392200000,2091848.00000000,14931233.42451752,3.3178,0.7684,0.2316,1.1429,0.5333,0.4667,3.4209,0.7738,0.2262,-0.0022,7.13000,-0.01595887
1715392500000,2091125.00000000,14915638.48550125,3.3290,0.7690,0.2310,1.1420,0.5332,0.4668,3.4287,0.7742,0.2258,-0.0014,7.13400,-0.00971828
1715392800000,2091378.00000000,14920241.68979730,3.3290,0.7690,0.2310,1.1412,0.5330,0.4670,3.4563,0.7756,0.2244,-0.0020,7.13000,-0.01449716
1715393100000,2094183.00000000,14931524.79000000,3.3309,0.7691,0.2309,1.1413,0.5330,0.4670,3.4543,0.7755,0.2245,-0.0020,7.12700,-0.01408469
1715393400000,2095898.00000000,14937465.04600000,3.3271,0.7689,0.2311,1.1414,0.5330,0.4670,3.4150,0.7735,0.2265,-0.0030,7.11400,-0.02168032
1715393700000,2096313.00000000,14911074.36900000,3.3029,0.7676,0.2324,1.1432,0.5334,0.4666,3.3821,0.7718,0.2282,0.0003,7.12600,0.00213987
1715394000000,2098774.00000000,14958855.15843508,3.3011,0.7675,0.2325,1.1065,0.5253,0.4747,3.3917,0.7723,0.2277,-0.0012,7.12800,-0.00869523
1715394300000,2099232.00000000,14963325.69600000,3.3011,0.7675,0.2325,1.1053,0.5250,0.4750,3.3898,0.7722,0.2278,-0.0012,7.12800,-0.00867017
1715394600000,2098805.00000000,14958183.23500000,3.2463,0.7645,0.2355,1.1048,0.5249,0.4751,3.4014,0.7728,0.2272,0.0003,7.13600,0.00224395
1715394900000,2099219.00000000,14985638.22730109,3.2535,0.7649,0.2351,1.1049,0.5249,0.4751,3.4072,0.7731,0.2269,0.0004,7.14800,0.00266963
1715395200000,2099709.00000000,15008719.93200000,3.2626,0.7654,0.2346,1.1049,0.5249,0.4751,3.4267,0.7741,0.2259,-0.0005,7.15100,-0.00355471
1715395500000,2099727.00000000,15024268.02521358,3.2644,0.7655,0.2345,1.1058,0.5251,0.4749,3.4209,0.7738,0.2262,-0.0014,7.15100,-0.01036159
1715395800000,2098904.00000000,15010578.91559976,3.2445,0.7644,0.2356,1.1071,0.5254,0.4746,3.3898,0.7722,0.2278,-0.0022,7.14000,-0.01557087
1715396100000,2097868.00000000,14982006.01297992,3.2553,0.7650,0.2350,1.1056,0.5251,0.4749,3.4111,0.7733,0.2267,-0.0005,7.14500,-0.00349288
1715396400000,2099027.00000000,14999646.94200000,3.2463,0.7645,0.2355,1.1048,0.5249,0.4751,3.4189,0.7737,0.2263,-0.0028,7.13200,-0.02009113
1715396700000,2099936.00000000,14979942.36350944,3.2717,0.7659,0.2341,1.1037,0.5246,0.4754,3.4683,0.7762,0.2238,-0.0011,7.13400,-0.00812801
1715397000000,2099977.00000000,14986865.28434436,3.2680,0.7657,0.2343,1.1025,0.5244,0.4756,3.4504,0.7753,0.2247,-0.0027,7.12400,-0.01918702
1715397300000,2098249.00000000,14947925.87600000,3.2827,0.7665,0.2335,1.1039,0.5247,0.4753,3.4843,0.7770,0.2230,-0.0011,7.12600,-0.00790699
1715397600000,2099792.00000000,14959148.42919488,3.2699,0.7658,0.2342,1.1035,0.5246,0.4754,3.4543,0.7755,0.2245,-0.0008,7.12800,-0.00562371
1715397900000,2100320.00000000,14981568.63487840,3.2680,0.7657,0.2343,1.1032,0.5245,0.4755,3.4623,0.7759,0.2241,-0.0023,7.12300,-0.01615301
1715398200000,2100057.00000000,14970258.82356783,3.2662,0.7656,0.2344,1.1035,0.5246,0.4754,3.4703,0.7763,0.2237,-0.0013,7.12700,-0.00952198
1715398500000,2100305.00000000,14972794.75239840,3.2680,0.7657,0.2343,1.1034,0.5246,0.4754,3.4683,0.7762,0.2238,-0.0046,7.10300,-0.03271496
1715398800000,2100772.00000000,14923884.28800000,3.2644,0.7655,0.2345,1.1029,0.5245,0.4755,3.4803,0.7768,0.2232,-0.0001,7.11000,-0.00094134
1715399100000,2101609.00000000,14938236.77200000,3.2717,0.7659,0.2341,1.1025,0.5244,0.4756,3.4863,0.7771,0.2229,-0.0019,7.10000,-0.01366931
1715399400000,2100444.00000000,14911051.95600000,3.2753,0.7661,0.2339,1.1015,0.5242,0.4758,3.5045,0.7780,0.2220,0.0004,7.11000,0.00259795
1715399700000,2100714.00000000,14933975.82600000,3.2882,0.7668,0.2332,1.1017,0.5242,0.4758,3.5045,0.7780,0.2220,-0.0020,7.10000,-0.01421509
1715400000000,2101009.00000000,14921365.91800000,3.2882,0.7668,0.2332,1.1023,0.5243,0.4757,3.5208,0.7788,0.2212,-0.0018,7.09700,-0.01312583
1715400300000,2105944.00000000,14951705.18662160,3.2918,0.7670,0.2330,1.1011,0.5241,0.4759,3.5434,0.7799,0.2201,-0.0041,7.08100,-0.02910200
1715400600000,2105776.00000000,14910999.85600000,3.3085,0.7679,0.2321,1.1024,0.5244,0.4756,3.5475,0.7801,0.2199,-0.0012,7.08200,-0.00871717
1715400900000,2106190.00000000,14916037.58000000,3.3178,0.7684,0.2316,1.1038,0.5247,0.4753,3.5662,0.7810,0.2190,-0.0012,7.08300,-0.00847301
1715401200000,2105624.00000000,14916270.77909808,3.2992,0.7674,0.2326,1.1054,0.5250,0.4750,3.5208,0.7788,0.2212,-0.0019,7.08100,-0.01342270
1715401500000,2104695.00000000,14905449.99000000,3.3029,0.7676,0.2324,1.1053,0.5250,0.4750,3.5372,0.7796,0.2204,-0.0025,7.07500,-0.01754412
1715401800000,2104711.00000000,14891309.48350626,3.2992,0.7674,0.2326,1.1065,0.5253,0.4747,3.5351,0.7795,0.2205,-0.0008,7.08300,-0.00564886
1715402100000,2105025.00000000,14909892.07500000,3.2992,0.7674,0.2326,1.1055,0.5250,0.4750,3.5269,0.7791,0.2209,0.0008,7.09700,0.00595532
1715402400000,2110399.00000000,14989737.22659427,3.3011,0.7675,0.2325,1.1027,0.5244,0.4756,3.5434,0.7799,0.2201,-0.0036,7.08600,-0.02581747
1715402700000,2110999.00000000,14963175.38554366,3.3011,0.7675,0.2325,1.1038,0.5247,0.4753,3.5228,0.7789,0.2211,-0.0005,7.09500,-0.00357449
1715403000000,2111603.00000000,14981823.28500000,3.2882,0.7668,0.2332,1.1026,0.5244,0.4756,3.5310,0.7793,0.2207,-0.0008,7.09800,-0.00598082
1715403300000,2113003.00000000,14999827.76628973,3.2790,0.7663,0.2337,1.1023,0.5243,0.4757,3.5045,0.7780,0.2220,-0.0028,7.08900,-0.02008426
1715403600000,2113294.00000000,14981141.16600000,3.2790,0.7663,0.2337,1.1021,0.5243,0.4757,3.5005,0.7778,0.2222,-0.0005,7.09700,-0.00327382
1715403900000,2114394.00000000,15007968.61200000,3.2644,0.7655,0.2345,1.0997,0.5237,0.4763,3.4964,0.7776,0.2224,0.0006,7.11100,0.00416243
1715404200000,2115142.00000000,15042889.90400000,3.2662,0.7656,0.2344,1.0990,0.5236,0.4764,3.5025,0.7779,0.2221,0.0001,7.12100,0.00078087
1715404500000,2114580.00000000,15059194.34476860,3.2735,0.7660,0.2340,1.0995,0.5237,0.4763,3.5106,0.7783,0.2217,-0.0010,7.12500,-0.00678605
1715404800000,2114806.00000000,15067992.75000000,3.2626,0.7654,0.2346,1.0995,0.5237,0.4763,3.4964,0.7776,0.2224,0.0002,7.13300,0.00140198
1715405100000,2115271.00000000,15090343.31400000,3.2481,0.7646,0.2354,1.0989,0.5236,0.4764,3.4583,0.7757,0.2243,-0.0016,7.13000,-0.01138054
1715405400000,2116913.00000000,15093589.69000000,3.2409,0.7642,0.2358,1.1006,0.5239,0.4761,3.4444,0.7750,0.2250,-0.0007,7.13400,-0.00497289
1715405700000,2117338.00000000,15105858.16094794,3.2337,0.7638,0.2362,1.1009,0.5240,0.4760,3.4405,0.7748,0.2252,-0.0013,7.13400,-0.00920931
1715406000000,2117414.00000000,15107748.89000000,3.2194,0.7630,0.2370,1.1005,0.5239,0.4761,3.3995,0.7727,0.2273,-0.0035,7.11500,-0.02475625
1715406300000,2116922.00000000,15061900.03000000,3.2230,0.7632,0.2368,1.1007,0.5240,0.4760,3.3937,0.7724,0.2276,-0.0014,7.11400,-0.00970475
1715406600000,2116970.00000000,15063260.76520650,3.2159,0.7628,0.2372,1.1001,0.5238,0.4762,3.4014,0.7728,0.2272,-0.0003,7.12400,-0.00187986
1715406900000,2117772.00000000,15089126.81301864,3.2123,0.7626,0.2374,1.0994,0.5237,0.4763,3.4053,0.7730,0.2270,-0.0010,7.12700,-0.00731706
1715407200000,2117913.00000000,15094365.95100000,3.2105,0.7625,0.2375,1.0991,0.5236,0.4764,3.4092,0.7732,0.2268,-0.0016,7.12200,-0.01146970
1715407500000,2117349.00000000,15080833.43389233,3.2391,0.7641,0.2359,1.0998,0.5238,0.4762,3.4366,0.7746,0.2254,-0.0003,7.13200,-0.00218557
1715407800000,2117775.00000000,15106466.29308300,3.2481,0.7646,0.2354,1.0993,0.5237,0.4763,3.4643,0.7760,0.2240,-0.0032,7.12000,-0.02296439
1715408100000,2117699.00000000,15083524.31625833,3.2608,0.7653,0.2347,1.1000,0.5238,0.4762,3.4703,0.7763,0.2237,-0.0006,7.12900,-0.00416646
1715408400000,2118374.00000000,15101888.24600000,3.2553,0.7650,0.2350,1.0999,0.5238,0.4762,3.4583,0.7757,0.2243,-0.0014,7.12700,-0.01033578
1715408700000,2116630.00000000,15085390.87474140,3.2427,0.7643,0.2357,1.0992,0.5236,0.4764,3.4504,0.7753,0.2247,-0.0002,7.13100,-0.00151968
1715409000000,2115428.00000000,15085117.06800000,3.2355,0.7639,0.2361,1.0961,0.5229,0.4771,3.4543,0.7755,0.2245,0.0003,7.13500,0.00194583
1715409300000,2114311.00000000,15083494.67400000,3.2409,0.7642,0.2358,1.0937,0.5224,0.4776,3.5065,0.7781,0.2219,-0.0028,7.12000,-0.01987609
1715409600000,2113980.00000000,15060423.14415540,3.2391,0.7641,0.2359,1.0954,0.5228,0.4772,3.5005,0.7778,0.2222,-0.0030,7.10900,-0.02150485
1715409900000,2113624.00000000,15027866.64000000,3.2499,0.7647,0.2353,1.0961,0.5229,0.4771,3.4863,0.7771,0.2229,-0.0020,7.10200,-0.01453226
1715410200000,2112859.00000000,15008304.71787220,3.2373,0.7640,0.2360,1.0963,0.5230,0.4770,3.4092,0.7732,0.2268,-0.0008,7.10600,-0.00534892
1715410500000,2111154.00000000,15001860.32400000,3.2337,0.7638,0.2362,1.0958,0.5228,0.4772,3.4189,0.7737,0.2263,-0.0006,7.10900,-0.00399531
1715410800000,2112022.00000000,15012252.37600000,3.2427,0.7643,0.2357,1.0947,0.5226,0.4774,3.4464,0.7751,0.2249,-0.0011,7.10800,-0.00812519
1715411100000,2111447.00000000,15010276.72300000,3.2499,0.7647,0.2353,1.0950,0.5227,0.4773,3.4425,0.7749,0.2251,-0.0012,7.10900,-0.00858938
1715411400000,2111842.00000000,15016383.43296716,3.2589,0.7652,0.2348,1.0957,0.5228,0.4772,3.4484,0.7752,0.2248,-0.0009,7.11500,-0.00607406
1715411700000,2112285.00000000,15034669.11682890,3.2699,0.7658,0.2342,1.0952,0.5227,0.4773,3.4603,0.7758,0.2242,-0.0021,7.11200,-0.01505254
1715412000000,2109681.00000000,15004051.27200000,3.2753,0.7661,0.2339,1.0949,0.5226,0.4774,3.4723,0.7764,0.2236,-0.0014,7.11200,-0.00995259
1715412300000,2108418.00000000,14995068.81600000,3.2680,0.7657,0.2343,1.0962,0.5229,0.4771,3.4524,0.7754,0.2246,0.0018,7.13100,0.01305705
1715412600000,2107887.00000000,15033686.46244818,3.2571,0.7651,0.2349,1.0947,0.5226,0.4774,3.4287,0.7742,0.2258,-0.0005,7.13100,-0.00390725
1715412900000,2107541.00000000,15029268.03277355,3.2427,0.7643,0.2357,1.0940,0.5225,0.4775,3.4385,0.7747,0.2253,-0.0019,7.12400,-0.01370465
1715413200000,2112527.00000000,15051754.87500000,3.2283,0.7635,0.2365,1.0996,0.5237,0.4763,3.3995,0.7727,0.2273,-0.0001,7.13000,-0.00081627
1715413500000,2109816.00000000,15045914.58467544,3.2283,0.7635,0.2365,1.0974,0.5232,0.4768,3.3975,0.7726,0.2274,-0.0017,7.12400,-0.01246594
1715413800000,2107787.00000000,15015874.58800000,3.2159,0.7628,0.2372,1.0973,0.5232,0.4768,3.3840,0.7719,0.2281,-0.0007,7.12400,-0.00478976
1715414100000,2106497.00000000,15008791.12500000,3.2070,0.7623,0.2377,1.0976,0.5233,0.4767,3.3592,0.7706,0.2294,0.0006,7.13600,0.00421381
1715414400000,2105154.00000000,15023278.30789188,3.2070,0.7623,0.2377,1.0963,0.5230,0.4770,3.3879,0.7721,0.2279,-0.0019,7.13000,-0.01372137
1715414700000,2106253.00000000,15029498.56303293,3.1999,0.7619,0.2381,1.0962,0.5230,0.4770,3.3917,0.7723,0.2277,-0.0053,7.10700,-0.03765096
1715415000000,2107192.00000000,14977753.42495520,3.2159,0.7628,0.2372,1.0961,0.5229,0.4771,3.4092,0.7732,0.2268,-0.0038,7.09300,-0.02709660
1715415300000,2108801.00000000,14960934.26568961,3.2319,0.7637,0.2363,1.0953,0.5227,0.4773,3.4307,0.7743,0.2257,-0.0027,7.08600,-0.01915784
1715415600000,2111547.00000000,14963650.18108161,3.2141,0.7627,0.2373,1.0935,0.5223,0.4777,3.3840,0.7719,0.2281,-0.0006,7.09600,-0.00437941
1715415900000,2111544.00000000,14983516.22400000,3.2141,0.7627,0.2373,1.0926,0.5221,0.4779,3.3956,0.7725,0.2275,-0.0039,7.07900,-0.02746920
1715416200000,2113787.00000000,14973077.66544317,3.2194,0.7630,0.2370,1.0946,0.5226,0.4774,3.4014,0.7728,0.2272,-0.0004,7.09100,-0.00301594
1715416500000,2112300.00000000,14978319.30000000,3.2017,0.7620,0.2380,1.0932,0.5223,0.4777,3.4053,0.7730,0.2270,-0.0033,7.07600,-0.02370997
1715416800000,2111370.00000000,14940217.47669690,3.2159,0.7628,0.2372,1.0930,0.5222,0.4778,3.4131,0.7734,0.2266,-0.0023,7.07300,-0.01607370
1715417100000,2114818.00000000,14955992.89600000,3.2034,0.7621,0.2379,1.0943,0.5225,0.4775,3.3898,0.7722,0.2278,-0.0010,7.07600,-0.00717318
1715417400000,2114059.00000000,14959081.48400000,3.1806,0.7608,0.2392,1.0922,0.5220,0.4780,3.3821,0.7718,0.2282,-0.0012,7.07700,-0.00838587
1715417700000,2113942.00000000,14963520.30937764,3.1806,0.7608,0.2392,1.0908,0.5217,0.4783,3.3917,0.7723,0.2277,-0.0033,7.06600,-0.02349485
1715418000000,2113397.00000000,14935875.00141451,3.1841,0.7610,0.2390,1.0921,0.5220,0.4780,3.3956,0.7725,0.2275,-0.0013,7.07200,-0.00940167
1715418300000,2113655.00000000,14947714.09270510,3.2017,0.7620,0.2380,1.0919,0.5220,0.4780,3.4150,0.7735,0.2265,-0.0018,7.07300,-0.01271999
1715418600000,2120689.00000000,15001753.98600000,3.1667,0.7600,0.2400,1.0914,0.5218,0.4782,3.3840,0.7719,0.2281,-0.0007,7.07700,-0.00516644
1715418900000,2119000.00000000,14996163.00000000,3.1736,0.7604,0.2396,1.0906,0.5217,0.4783,3.3879,0.7721,0.2279,-0.0011,7.07800,-0.00809623
1715419200000,2120516.00000000,15015116.17451116,3.1615,0.7597,0.2403,1.0905,0.5216,0.4784,3.3649,0.7709,0.2291,-0.0026,7.07200,-0.01821162
1715419500000,2120915.00000000,15001327.44826650,3.1736,0.7604,0.2396,1.0901,0.5215,0.4785,3.3956,0.7725,0.2275,0.0003,7.08600,0.00205704
1715419800000,2121687.00000000,15034274.08200000,3.1632,0.7598,0.2402,1.0899,0.5215,0.4785,3.3802,0.7717,0.2283,0.0001,7.09600,0.00086554
1715420100000,2121853.00000000,15056668.88800000,3.1771,0.7606,0.2394,1.0899,0.5215,0.4785,3.3821,0.7718,0.2282,-0.0009,7.09700,-0.00627155
1715420400000,2122253.00000000,15061629.54100000,3.1806,0.7608,0.2392,1.0903,0.5216,0.4784,3.3821,0.7718,0.2282,-0.0016,7.09400,-0.01105852
1715420700000,2124423.00000000,15070656.76200000,3.1649,0.7599,0.2401,1.0909,0.5217,0.4783,3.3573,0.7705,0.2295,0.0003,7.10600,0.00187922
1715421000000,2125659.00000000,15107906.20455261,3.1494,0.7590,0.2410,1.0905,0.5216,0.4784,3.3440,0.7698,0.2302,-0.0028,7.09800,-0.01977042
1715421300000,2126745.00000000,15099317.32052520,3.1477,0.7589,0.2411,1.0903,0.5216,0.4784,3.3440,0.7698,0.2302,-0.0010,7.10500,-0.00685771
1715421600000,2125601.00000000,15104692.36953676,3.1459,0.7588,0.2412,1.0895,0.5214,0.4786,3.3516,0.7702,0.2298,-0.0031,7.09400,-0.02225506
1715421900000,2124344.00000000,15070096.33600000,3.1545,0.7593,0.2407,1.0893,0.5214,0.4786,3.3516,0.7702,0.2298,-0.0021,7.09000,-0.01506282
1715422200000,2124143.00000000,15064410.23955777,3.1528,0.7592,0.2408,1.0890,0.5213,0.4787,3.3611,0.7707,0.2293,-0.0015,7.09200,-0.01073667
1715422500000,2126084.00000000,15080214.48135552,3.1459,0.7588,0.2412,1.0909,0.5217,0.4783,3.3422,0.7697,0.2303,-0.0011,7.09500,-0.00810449
1715422800000,2124029.00000000,15067861.72600000,3.1408,0.7585,0.2415,1.0897,0.5215,0.4785,3.3459,0.7699,0.2301,-0.0020,7.09200,-0.01415642
1715423100000,2121454.00000000,15047473.22200000,3.1649,0.7599,0.2401,1.0874,0.5209,0.4791,3.3687,0.7711,0.2289,-0.0022,7.09200,-0.01561437
1715423400000,2121119.00000000,15040854.82900000,3.1632,0.7598,0.2402,1.0878,0.5210,0.4790,3.3573,0.7705,0.2295,-0.0030,7.08200,-0.02114593
1715423700000,2122535.00000000,15031792.87000000,3.1563,0.7594,0.2406,1.0870,0.5208,0.4792,3.3384,0.7695,0.2305,-0.0013,7.08500,-0.00906817
1715424000000,2125286.00000000,15053400.73800000,3.1374,0.7583,0.2417,1.0847,0.5203,0.4797,3.3234,0.7687,0.2313,-0.0018,7.07800,-0.01297007
1715424300000,2125189.00000000,15045299.96517350,3.1305,0.7579,0.2421,1.0852,0.5204,0.4796,3.3141,0.7682,0.2318,-0.0021,7.07900,-0.01493591
1715424600000,2125523.00000000,15047932.95431417,3.1288,0.7578,0.2422,1.0852,0.5204,0.4796,3.3178,0.7684,0.2316,-0.0007,7.08800,-0.00466505
1715424900000,2126783.00000000,15082360.89110790,3.1186,0.7572,0.2428,1.0850,0.5204,0.4796,3.3011,0.7675,0.2325,-0.0030,7.08200,-0.02157478
1715425200000,2126973.00000000,15063369.73856457,3.1085,0.7566,0.2434,1.0849,0.5204,0.4796,3.2974,0.7673,0.2327,-0.0020,7.08000,-0.01422504
1715425500000,2128428.00000000,15069375.70360740,3.1220,0.7574,0.2426,1.0838,0.5201,0.4799,3.3234,0.7687,0.2313,-0.0052,7.05600,-0.03683761
1715425800000,2131190.00000000,15037676.64000000,3.1305,0.7579,0.2421,1.0848,0.5203,0.4797,3.3141,0.7682,0.2318,-0.0037,7.04100,-0.02623159
1715426100000,2130245.00000000,15006151.84970525,3.1684,0.7601,0.2399,1.0845,0.5203,0.4797,3.3802,0.7717,0.2283,-0.0011,7.04800,-0.00809532
1715426400000,2130921.00000000,15018731.20800000,3.2194,0.7630,0.2370,1.0879,0.5210,0.4790,3.4683,0.7762,0.2238,-0.0004,7.05400,-0.00299889
1715426700000,2131338.00000000,15032420.26660440,3.2070,0.7623,0.2377,1.0893,0.5214,0.4786,3.4346,0.7745,0.2255,-0.0009,7.05800,-0.00619741
1715427000000,2131118.00000000,15042544.18266556,3.1946,0.7616,0.2384,1.0890,0.5213,0.4787,3.4287,0.7742,0.2258,0.0030,7.08700,0.02111065
1715427300000,2128622.00000000,15083415.49200000,3.1789,0.7607,0.2393,1.0878,0.5210,0.4790,3.4287,0.7742,0.2258,0.0014,7.09800,0.00987610
1715427600000,2125955.00000000,15094280.50000000,3.1701,0.7602,0.2398,1.0890,0.5213,0.4787,3.3995,0.7727,0.2273,-0.0025,7.08900,-0.01775049
1715427900000,2126021.00000000,15075614.91100000,3.1736,0.7604,0.2396,1.0894,0.5214,0.4786,3.4170,0.7736,0.2264,-0.0023,7.08200,-0.01602704
1715428200000,2127184.00000000,15072474.33243648,3.1615,0.7597,0.2403,1.0896,0.5214,0.4786,3.3840,0.7719,0.2281,0.0006,7.09700,0.00453723
1715428500000,2127712.00000000,15102499.77600000,3.1528,0.7592,0.2408,1.0879,0.5210,0.4790,3.3840,0.7719,0.2281,-0.0029,7.08300,-0.02030424
1715428800000,2124771.00000000,15055207.28015700,3.1649,0.7599,0.2401,1.0875,0.5210,0.4790,3.3975,0.7726,0.2274,0.0007,7.09900,0.00517943
1715429100000,2123828.00000000,15079178.80000000,3.1442,0.7587,0.2413,1.0873,0.5209,0.4791,3.4111,0.7733,0.2267,0.0023,7.12300,0.01652887
1715429400000,2119003.00000000,15091999.84654193,3.1322,0.7580,0.2420,1.0867,0.5208,0.4792,3.4072,0.7731,0.2269,-0.0013,7.11900,-0.00942533
1715429700000,2112592.00000000,15053122.31613152,3.1771,0.7606,0.2394,1.0884,0.5212,0.4788,3.4484,0.7752,0.2248,-0.0033,7.10800,-0.02372629
1715430000000,2109641.00000000,14997821.16967329,3.2017,0.7620,0.2380,1.0885,0.5212,0.4788,3.4524,0.7754,0.2246,-0.0033,7.09400,-0.02315654
1715430300000,2108728.00000000,14961425.16000000,3.2355,0.7639,0.2361,1.0908,0.5217,0.4783,3.4743,0.7765,0.2235,-0.0014,7.09500,-0.00966654
1715430600000,2109161.00000000,14965061.32683462,3.2391,0.7641,0.2359,1.0899,0.5215,0.4785,3.4703,0.7763,0.2237,-0.0020,7.09200,-0.01390642
1715430900000,2107656.00000000,14948239.38504624,3.2283,0.7635,0.2365,1.0911,0.5218,0.4782,3.4583,0.7757,0.2243,-0.0013,7.09400,-0.00918127
1715431200000,2102658.00000000,14921884.26796098,3.2553,0.7650,0.2350,1.0909,0.5217,0.4783,3.4883,0.7772,0.2228,-0.0018,7.09200,-0.01249866
1715431500000,2102656.00000000,14914175.99371904,3.2535,0.7649,0.2351,1.0911,0.5218,0.4782,3.4803,0.7768,0.2232,-0.0031,7.08000,-0.02203228
1715431800000,2102340.00000000,14887785.81946980,3.2481,0.7646,0.2354,1.0909,0.5217,0.4783,3.4903,0.7773,0.2227,0.0003,7.09600,0.00212857
1715432100000,2103534.00000000,14930884.33200000,3.2409,0.7642,0.2358,1.0916,0.5219,0.4781,3.4723,0.7764,0.2236,-0.0010,7.09700,-0.00679553
1715432400000,2103651.00000000,14927507.49600000,3.2481,0.7646,0.2354,1.0919,0.5220,0.4780,3.4743,0.7765,0.2235,-0.0002,7.10300,-0.00121958
1715432700000,2101531.00000000,14927174.69300000,3.2301,0.7636,0.2364,1.0920,0.5220,0.4780,3.4484,0.7752,0.2248,0.0007,7.11800,0.00495056
1715433000000,2097297.00000000,14928560.04600000,3.2248,0.7633,0.2367,1.0923,0.5221,0.4779,3.4583,0.7757,0.2243,-0.0017,7.11500,-0.01184670
1715433300000,2093412.00000000,14894626.38000000,3.2589,0.7652,0.2348,1.0934,0.5223,0.4777,3.4823,0.7769,0.2231,-0.0028,7.10400,-0.01983447
1715433600000,2092180.00000000,14862846.72000000,3.2955,0.7672,0.2328,1.0931,0.5222,0.4778,3.5310,0.7793,0.2207,-0.0026,7.09600,-0.01875725
1715433900000,2090584.00000000,14834784.06400000,3.3029,0.7676,0.2324,1.0923,0.5221,0.4779,3.5372,0.7796,0.2204,-0.0014,7.09800,-0.00998252
1715434200000,2091608.00000000,14846233.58400000,3.3029,0.7676,0.2324,1.0934,0.5223,0.4777,3.5208,0.7788,0.2212,-0.0019,7.09300,-0.01362941
1715434500000,2091937.00000000,14838109.14100000,3.2974,0.7673,0.2327,1.0934,0.5223,0.4777,3.5228,0.7789,0.2211,0.0000,7.10400,0.00011913
1715434800000,2091558.00000000,14861016.02129130,3.2974,0.7673,0.2327,1.0934,0.5223,0.4777,3.5208,0.7788,0.2212,-0.0011,7.10700,-0.00758395
1715435100000,2091501.00000000,14862206.10600000,3.2882,0.7668,0.2332,1.0931,0.5222,0.4778,3.5167,0.7786,0.2214,0.0005,7.11900,0.00361391
1715435400000,2091983.00000000,14892826.97700000,3.2918,0.7670,0.2330,1.0921,0.5220,0.4780,3.5249,0.7790,0.2210,-0.0006,7.12200,-0.00423525
1715435700000,2094200.00000000,14914892.40000000,3.2863,0.7667,0.2333,1.0930,0.5222,0.4778,3.5065,0.7781,0.2219,-0.0004,7.12600,-0.00271320
1715436000000,2091849.00000000,14906515.97400000,3.2863,0.7667,0.2333,1.0917,0.5219,0.4781,3.5147,0.7785,0.2215,-0.0025,7.11600,-0.01815174
1715436300000,2090835.00000000,14876291.02500000,3.3178,0.7684,0.2316,1.0917,0.5219,0.4781,3.5558,0.7805,0.2195,-0.0021,7.11400,-0.01481141
1715436600000,2089878.00000000,14871724.09561230,3.3197,0.7685,0.2315,1.0918,0.5219,0.4781,3.5517,0.7803,0.2197,-0.0021,7.11600,-0.01496437
1715436900000,2093476.00000000,14897175.21600000,3.3403,0.7696,0.2304,1.0909,0.5217,0.4783,3.5725,0.7813,0.2187,-0.0018,7.11600,-0.01280113
1715437200000,2101491.00000000,14922687.59100000,3.3860,0.7720,0.2280,1.0899,0.5215,0.4785,3.5725,0.7813,0.2187,-0.0019,7.10000,-0.01379119
1715437500000,2103705.00000000,14902646.22000000,3.3783,0.7716,0.2284,1.0910,0.5218,0.4782,3.5746,0.7814,0.2186,-0.0006,7.06500,-0.00393348
1715437800000,2109388.00000000,14902826.22000000,3.3840,0.7719,0.2281,1.0904,0.5216,0.4784,3.5830,0.7818,0.2182,-0.0003,7.05000,-0.00246444
1715438100000,2119563.00000000,14945038.71300000,3.3159,0.7683,0.2317,1.0878,0.5210,0.4790,3.5393,0.7797,0.2203,-0.0003,7.04600,-0.00221880
1715438400000,2125557.00000000,14974549.06500000,3.2992,0.7674,0.2326,1.0879,0.5211,0.4789,3.5310,0.7793,0.2207,-0.0005,7.05400,-0.00370031
1715438700000,2129338.00000000,15023398.22899996,3.2808,0.7664,0.2336,1.0884,0.5212,0.4788,3.5310,0.7793,0.2207,-0.0003,7.05700,-0.00178428
1715439000000,2134712.00000000,15062527.87200000,3.2753,0.7661,0.2339,1.0889,0.5213,0.4787,3.5351,0.7795,0.2205,-0.0002,7.06100,-0.00171756
1715439300000,2137010.00000000,15091564.62000000,3.2517,0.7648,0.2352,1.0902,0.5216,0.4784,3.5147,0.7785,0.2215,-0.0003,7.06200,-0.00214475
1715439600000,2138179.00000000,15099820.09800000,3.2517,0.7648,0.2352,1.0874,0.5209,0.4791,3.5147,0.7785,0.2215,-0.0003,7.06200,-0.00214475
1715439900000,2132671.00000000,15120637.39000000,3.2535,0.7649,0.2351,1.0835,0.5200,0.4800,3.5106,0.7783,0.2217,0.0000,7.09100,0.00035376
1715440200000,2124160.00000000,15089392.26948480,3.2463,0.7645,0.2355,1.0801,0.5193,0.4807,3.4603,0.7758,0.2242,0.0004,7.10700,0.00301275
1715440500000,2122374.00000000,15123125.33090586,3.2159,0.7628,0.2372,1.0771,0.5186,0.4814,3.4170,0.7736,0.2264,-0.0001,7.12500,-0.00077969
1715440800000,2120482.00000000,15183874.10799350,3.2123,0.7626,0.2374,1.0800,0.5192,0.4808,3.4385,0.7747,0.2253,-0.0015,7.15200,-0.01044815
1715441100000,2118341.00000000,15112244.69400000,3.2212,0.7631,0.2369,1.0806,0.5194,0.4806,3.4287,0.7742,0.2258,-0.0007,7.13400,-0.00469124
1715441400000,2115062.00000000,15046551.06800000,3.2194,0.7630,0.2370,1.0791,0.5190,0.4810,3.4209,0.7738,0.2262,-0.0006,7.11400,-0.00416920
1715441700000,2112320.00000000,15001887.27688000,3.1894,0.7613,0.2387,1.0749,0.5180,0.4820,3.3764,0.7715,0.2285,-0.0003,7.10100,-0.00213732
1715442000000,2107752.00000000,14990332.22400000,3.1859,0.7611,0.2389,1.0746,0.5180,0.4820,3.3995,0.7727,0.2273,-0.0007,7.11100,-0.00530578
1715442300000,2097080.00000000,14927015.44000000,3.1999,0.7619,0.2381,1.0744,0.5179,0.4821,3.4150,0.7735,0.2265,-0.0007,7.11700,-0.00518921
1715442600000,2094838.00000000,14944679.43191922,3.2301,0.7636,0.2364,1.0760,0.5183,0.4817,3.4287,0.7742,0.2258,-0.0011,7.13300,-0.00799217
1715442900000,2094544.00000000,14911058.73600000,3.2265,0.7634,0.2366,1.0770,0.5185,0.4815,3.4111,0.7733,0.2267,-0.0009,7.11800,-0.00676072
1715443200000,2092668.00000000,14896698.00687936,3.2355,0.7639,0.2361,1.0762,0.5184,0.4816,3.3995,0.7727,0.2273,-0.0012,7.11800,-0.00848211
1715443500000,2092802.00000000,14873543.81400000,3.2717,0.7659,0.2341,1.0772,0.5186,0.4814,3.4150,0.7735,0.2265,-0.0014,7.11700,-0.00985715
1715443800000,2091706.00000000,14887696.18234998,3.2992,0.7674,0.2326,1.0782,0.5188,0.4812,3.4464,0.7751,0.2249,-0.0009,7.12500,-0.00639260
1715444100000,2091476.00000000,14901766.50000000,3.2845,0.7666,0.2334,1.0775,0.5186,0.4814,3.4405,0.7748,0.2252,-0.0013,7.12300,-0.00950584
1715444400000,2088706.00000000,14877852.83800000,3.2699,0.7658,0.2342,1.0781,0.5188,0.4812,3.4189,0.7737,0.2263,-0.0010,7.13300,-0.00690927
1715444700000,2089272.00000000,14902777.17600000,3.2699,0.7658,0.2342,1.0769,0.5185,0.4815,3.4170,0.7736,0.2264,-0.0008,7.13200,-0.00589430
1715445000000,2089917.00000000,14905288.04400000,3.2735,0.7660,0.2340,1.0769,0.5185,0.4815,3.4189,0.7737,0.2263,-0.0013,7.13200,-0.00931401
1715445300000,2091439.00000000,14918234.38700000,3.2882,0.7668,0.2332,1.0772,0.5186,0.4814,3.4287,0.7742,0.2258,-0.0013,7.12800,-0.00934550
1715445600000,2092151.00000000,14912869.39995216,3.2790,0.7663,0.2337,1.0775,0.5187,0.4813,3.4189,0.7737,0.2263,-0.0008,7.13100,-0.00566335
1715445900000,2091639.00000000,14913386.07000000,3.2937,0.7671,0.2329,1.0770,0.5185,0.4815,3.4366,0.7746,0.2254,-0.0012,7.10100,-0.00864428
1715446200000,2089442.00000000,14839217.08400000,3.3066,0.7678,0.2322,1.0771,0.5186,0.4814,3.4543,0.7755,0.2245,-0.0009,7.10100,-0.00618549
1715446500000,2089178.00000000,14831074.62200000,3.3122,0.7681,0.2319,1.0778,0.5187,0.4813,3.4484,0.7752,0.2248,-0.0008,7.10800,-0.00571611
1715446800000,2090022.00000000,14854541.68795080,3.3066,0.7678,0.2322,1.0775,0.5187,0.4813,3.4504,0.7753,0.2247,-0.0009,7.09700,-0.00632074
1715447100000,2089540.00000000,14831554.92000000,3.3122,0.7681,0.2319,1.0775,0.5186,0.4814,3.4623,0.7759,0.2241,-0.0011,7.08200,-0.00813662
1715447400000,2088957.00000000,14793993.47400000,3.3066,0.7678,0.2322,1.0769,0.5185,0.4815,3.4763,0.7766,0.2234,-0.0007,7.09700,-0.00520482
1715447700000,2088591.00000000,14824818.91800000,3.2918,0.7670,0.2330,1.0759,0.5183,0.4817,3.4703,0.7763,0.2237,-0.0012,7.08900,-0.00882611
1715448000000,2087554.00000000,14800757.86000000,3.3085,0.7679,0.2321,1.0755,0.5182,0.4818,3.4843,0.7770,0.2230,-0.0008,7.09100,-0.00565212
1715448300000,2087281.00000000,14800909.57100000,3.3011,0.7675,0.2325,1.0757,0.5182,0.4818,3.4863,0.7771,0.2229,-0.0009,7.09000,-0.00616068
1715448600000,2086609.00000000,14794057.81000000,3.3085,0.7679,0.2321,1.0758,0.5182,0.4818,3.4843,0.7770,0.2230,-0.0007,7.10000,-0.00490390
1715448900000,2087586.00000000,14819842.84375170,3.2845,0.7666,0.2334,1.0754,0.5182,0.4818,3.4603,0.7758,0.2242,-0.0012,7.11100,-0.00839119
1715449200000,2086430.00000000,14839900.83187180,3.2882,0.7668,0.2332,1.0732,0.5177,0.4823,3.4803,0.7768,0.2232,-0.0008,7.11600,-0.00601818
1715449500000,2086495.00000000,14849584.91500000,3.2735,0.7660,0.2340,1.0736,0.5177,0.4823,3.4623,0.7759,0.2241,-0.0008,7.11200,-0.00575119
1715449800000,2086805.00000000,14843443.96500000,3.2571,0.7651,0.2349,1.0739,0.5178,0.4822,3.4385,0.7747,0.2253,-0.0011,7.10700,-0.00787913
1715450100000,2087915.00000000,14841166.92696595,3.2535,0.7649,0.2351,1.0738,0.5178,0.4822,3.4248,0.7740,0.2260,-0.0007,7.11300,-0.00466646
1715450400000,2088376.00000000,14854032.67764824,3.2827,0.7665,0.2335,1.0739,0.5178,0.4822,3.4346,0.7745,0.2255,-0.0007,7.10100,-0.00519539
1715450700000,2086691.00000000,14817592.79100000,3.2974,0.7673,0.2327,1.0728,0.5176,0.4824,3.4823,0.7769,0.2231,-0.0016,7.08900,-0.01171159
1715451000000,2085834.00000000,14792324.42359386,3.2955,0.7672,0.2328,1.0734,0.5177,0.4823,3.4763,0.7766,0.2234,-0.0007,7.09200,-0.00529251
1715451300000,2083311.00000000,14772758.30100000,3.2955,0.7672,0.2328,1.0726,0.5175,0.4825,3.5045,0.7780,0.2220,-0.0015,7.09900,-0.01095311
1715451600000,2081394.00000000,14777010.91348146,3.2900,0.7669,0.2331,1.0737,0.5178,0.4822,3.5005,0.7778,0.2222,-0.0011,7.10100,-0.00797342
1715451900000,2082397.00000000,14789928.01339941,3.2772,0.7662,0.2338,1.0748,0.5180,0.4820,3.4883,0.7772,0.2228,-0.0010,7.10400,-0.00716973
1715452200000,2083961.00000000,14805495.19360725,3.2717,0.7659,0.2341,1.0759,0.5183,0.4817,3.4743,0.7765,0.2235,-0.0010,7.11600,-0.00682177
1715452500000,2082703.00000000,14824375.33785922,3.2753,0.7661,0.2339,1.0746,0.5180,0.4820,3.4863,0.7771,0.2229,-0.0012,7.10500,-0.00867393
1715452800000,2082451.00000000,14803198.03903717,3.2753,0.7661,0.2339,1.0744,0.5179,0.4821,3.4863,0.7771,0.2229,-0.0006,7.10300,-0.00436810
1715453100000,2082495.00000000,14791961.98500000,3.2608,0.7653,0.2347,1.0743,0.5179,0.4821,3.5005,0.7778,0.2222,-0.0005,7.11300,-0.00322737
1715453400000,2080445.00000000,14796124.84000000,3.2680,0.7657,0.2343,1.0739,0.5178,0.4822,3.4984,0.7777,0.2223,-0.0009,7.10900,-0.00643887
1715453700000,2080295.00000000,14790897.45000000,3.2790,0.7663,0.2337,1.0750,0.5181,0.4819,3.4924,0.7774,0.2226,-0.0009,7.10000,-0.00661679
1715454000000,2079682.00000000,14766497.62368968,3.2680,0.7657,0.2343,1.0758,0.5183,0.4817,3.4964,0.7776,0.2224,-0.0009,7.10000,-0.00661679
1715454300000,2080407.00000000,14758766.71072146,3.2790,0.7663,0.2337,1.0759,0.5183,0.4817,3.4743,0.7765,0.2235,-0.0015,7.09200,-0.01071621
1715454600000,2080069.00000000,14778177.88376957,3.2699,0.7658,0.2342,1.0736,0.5177,0.4823,3.4603,0.7758,0.2242,-0.0010,7.10400,-0.00717701
1715454900000,2078870.00000000,14751553.70980180,3.2571,0.7651,0.2349,1.0730,0.5176,0.4824,3.4563,0.7756,0.2244,-0.0013,7.09500,-0.00927136
1715455200000,2076697.00000000,14732088.51800000,3.2571,0.7651,0.2349,1.0728,0.5176,0.4824,3.4903,0.7773,0.2227,-0.0009,7.09400,-0.00647327
1715455500000,2075953.00000000,14705035.35047569,3.2608,0.7653,0.2347,1.0737,0.5178,0.4822,3.4823,0.7769,0.2231,-0.0012,7.08400,-0.00877193
1715455800000,2075582.00000000,14697196.14200000,3.2608,0.7653,0.2347,1.0734,0.5177,0.4823,3.4743,0.7765,0.2235,-0.0010,7.08200,-0.00716108
1715456100000,2076827.00000000,14726780.25700000,3.2589,0.7652,0.2348,1.0726,0.5175,0.4825,3.4823,0.7769,0.2231,-0.0009,7.09100,-0.00623817
1715456400000,2077873.00000000,14719652.33200000,3.2481,0.7646,0.2354,1.0738,0.5178,0.4822,3.4603,0.7758,0.2242,-0.0010,7.08400,-0.00674416
1715456700000,2079627.00000000,14723880.54782799,3.2589,0.7652,0.2348,1.0739,0.5178,0.4822,3.4583,0.7757,0.2243,-0.0011,7.07700,-0.00749082
1715457000000,2080151.00000000,14733709.53300000,3.2535,0.7649,0.2351,1.0734,0.5177,0.4823,3.4524,0.7754,0.2246,-0.0005,7.08300,-0.00388353
1715457300000,2080586.00000000,14736790.63800000,3.2699,0.7658,0.2342,1.0727,0.5175,0.4825,3.4444,0.7750,0.2250,-0.0008,7.08300,-0.00565253
1715457600000,2079715.00000000,14745126.15089030,3.2662,0.7656,0.2344,1.0733,0.5177,0.4823,3.4425,0.7749,0.2251,-0.0010,7.08800,-0.00690919
